L1,Perf,cpu_benchmark,1_10000,7501419070,HLT,1632,49016035,30034.34
L1,Perf,cpu_benchmark,1_10000,7501419070,PREEMPTION_TIMER,1903,2782116,1461.96
L1,Perf,cpu_benchmark,1_10000,7501419070,EXTERNAL_INTERRUPT,2011,2140563,1064.43
L1,Perf,cpu_benchmark,1_10000,7501419070,EPT_MISCONFIG,1719,2081996,1211.17
L1,Perf,cpu_benchmark,1_10000,7501419070,MSR_WRITE,1920,1716612,894.07
L1,Perf,cpu_benchmark,1_10000,7501419070,IO_INSTRUCTION,151,961411,6366.96
L1,Perf,cpu_benchmark,1_10000,7501419070,CPUID,63,25885,410.87
L1,Perf,cpu_benchmark,1_10000,7501419070,PENDING_INTERRUPT,22,9451,429.59
L1,Perf,cpu_benchmark,1_10000,7501419070,PAUSE_INSTRUCTION,12,3081,256.75
L1,Perf,cpu_benchmark,1_10000,7501419070,MSR_READ,1,635,635.0
L1,Perf,cpu_benchmark,1_10000,7501419070,EXCEPTION_NMI,1,403,403.0
L1,Perf,cpu_benchmark,1_10000,7501419070,VMCALL,1,0,0.0
L1,Perf,cpu_benchmark,1_10000,7498460063,HLT,1610,47945045,29779.53
L1,Perf,cpu_benchmark,1_10000,7498460063,PREEMPTION_TIMER,1905,3626414,1903.63
L1,Perf,cpu_benchmark,1_10000,7498460063,EPT_MISCONFIG,1718,2116132,1231.74
L1,Perf,cpu_benchmark,1_10000,7498460063,MSR_WRITE,1925,1537098,798.49
L1,Perf,cpu_benchmark,1_10000,7498460063,EXTERNAL_INTERRUPT,2103,1189389,565.57
L1,Perf,cpu_benchmark,1_10000,7498460063,IO_INSTRUCTION,187,932808,4988.28
L1,Perf,cpu_benchmark,1_10000,7498460063,CPUID,63,27705,439.76
L1,Perf,cpu_benchmark,1_10000,7498460063,PENDING_INTERRUPT,19,7383,388.58
L1,Perf,cpu_benchmark,1_10000,7498460063,PAUSE_INSTRUCTION,16,5063,316.44
L1,Perf,cpu_benchmark,1_10000,7498460063,MSR_READ,1,680,680.0
L1,Perf,cpu_benchmark,1_10000,7498460063,EXCEPTION_NMI,1,319,319.0
L1,Perf,cpu_benchmark,1_10000,7498460063,VMCALL,1,0,0.0
L1,Perf,cpu_benchmark,1_10000,7579371221,HLT,1614,48811803,30242.75
L1,Perf,cpu_benchmark,1_10000,7579371221,EXTERNAL_INTERRUPT,7663,4335519,565.77
L1,Perf,cpu_benchmark,1_10000,7579371221,PREEMPTION_TIMER,1929,4222722,2189.07
L1,Perf,cpu_benchmark,1_10000,7579371221,EPT_MISCONFIG,1735,2123246,1223.77
L1,Perf,cpu_benchmark,1_10000,7579371221,MSR_WRITE,1953,1825275,934.6
L1,Perf,cpu_benchmark,1_10000,7579371221,IO_INSTRUCTION,192,1051424,5476.17
L1,Perf,cpu_benchmark,1_10000,7579371221,CPUID,63,28915,458.97
L1,Perf,cpu_benchmark,1_10000,7579371221,PENDING_INTERRUPT,26,10444,401.69
L1,Perf,cpu_benchmark,1_10000,7579371221,PAUSE_INSTRUCTION,12,3951,329.25
L1,Perf,cpu_benchmark,1_10000,7579371221,MSR_READ,2,1283,641.5
L1,Perf,cpu_benchmark,1_10000,7579371221,EXCEPTION_NMI,1,278,278.0
L1,Perf,cpu_benchmark,1_10000,7579371221,VMCALL,1,0,0.0
L1,Perf,cpu_benchmark,1_10000,7581296397,HLT,1639,49668381,30304.08
L1,Perf,cpu_benchmark,1_10000,7581296397,PREEMPTION_TIMER,1917,5290905,2759.99
L1,Perf,cpu_benchmark,1_10000,7581296397,MSR_WRITE,1948,2205810,1132.35
L1,Perf,cpu_benchmark,1_10000,7581296397,EPT_MISCONFIG,1741,2149723,1234.76
L1,Perf,cpu_benchmark,1_10000,7581296397,EXTERNAL_INTERRUPT,2093,1428049,682.3
L1,Perf,cpu_benchmark,1_10000,7581296397,IO_INSTRUCTION,188,1022348,5438.02
L1,Perf,cpu_benchmark,1_10000,7581296397,CPUID,63,29105,461.98
L1,Perf,cpu_benchmark,1_10000,7581296397,PENDING_INTERRUPT,21,8058,383.71
L1,Perf,cpu_benchmark,1_10000,7581296397,PAUSE_INSTRUCTION,12,5382,448.5
L1,Perf,cpu_benchmark,1_10000,7581296397,MSR_READ,1,765,765.0
L1,Perf,cpu_benchmark,1_10000,7581296397,VMCALL,1,0,0.0
L1,Perf,cpu_benchmark,1_10000,7555160943,HLT,1618,53195795,32877.5
L1,Perf,cpu_benchmark,1_10000,7555160943,EXTERNAL_INTERRUPT,2082,7159055,3438.55
L1,Perf,cpu_benchmark,1_10000,7555160943,PREEMPTION_TIMER,1915,4617592,2411.28
L1,Perf,cpu_benchmark,1_10000,7555160943,EPT_MISCONFIG,1735,2345981,1352.15
L1,Perf,cpu_benchmark,1_10000,7555160943,MSR_WRITE,1934,1939148,1002.66
L1,Perf,cpu_benchmark,1_10000,7555160943,IO_INSTRUCTION,188,1037404,5518.11
L1,Perf,cpu_benchmark,1_10000,7555160943,CPUID,63,32533,516.4
L1,Perf,cpu_benchmark,1_10000,7555160943,PENDING_INTERRUPT,27,13380,495.56
L1,Perf,cpu_benchmark,1_10000,7555160943,PAUSE_INSTRUCTION,16,5335,333.44
L1,Perf,cpu_benchmark,1_10000,7555160943,MSR_READ,1,686,686.0
L1,Perf,cpu_benchmark,1_10000,7555160943,VMCALL,1,0,0.0
L1,Perf,cpu_benchmark,1_10000,7464754831,HLT,1614,46594644,28869.05
L1,Perf,cpu_benchmark,1_10000,7464754831,PREEMPTION_TIMER,1894,2595605,1370.44
L1,Perf,cpu_benchmark,1_10000,7464754831,EPT_MISCONFIG,1739,2035120,1170.28
L1,Perf,cpu_benchmark,1_10000,7464754831,MSR_WRITE,1917,1786099,931.72
L1,Perf,cpu_benchmark,1_10000,7464754831,EXTERNAL_INTERRUPT,1995,1521172,762.49
L1,Perf,cpu_benchmark,1_10000,7464754831,IO_INSTRUCTION,190,963552,5071.33
L1,Perf,cpu_benchmark,1_10000,7464754831,CPUID,63,26631,422.71
L1,Perf,cpu_benchmark,1_10000,7464754831,PENDING_INTERRUPT,19,7605,400.26
L1,Perf,cpu_benchmark,1_10000,7464754831,PAUSE_INSTRUCTION,11,4987,453.36
L1,Perf,cpu_benchmark,1_10000,7464754831,MSR_READ,2,1203,601.5
L1,Perf,cpu_benchmark,1_10000,7464754831,EXCEPTION_NMI,1,313,313.0
L1,Perf,cpu_benchmark,1_10000,7464754831,VMCALL,1,0,0.0
L1,Perf,cpu_benchmark,1_10000,7478762423,HLT,1604,47558497,29649.94
L1,Perf,cpu_benchmark,1_10000,7478762423,PREEMPTION_TIMER,1906,2834377,1487.08
L1,Perf,cpu_benchmark,1_10000,7478762423,EPT_MISCONFIG,1722,2145524,1245.95
L1,Perf,cpu_benchmark,1_10000,7478762423,EXTERNAL_INTERRUPT,2001,1686301,842.73
L1,Perf,cpu_benchmark,1_10000,7478762423,MSR_WRITE,1919,1585166,826.04
L1,Perf,cpu_benchmark,1_10000,7478762423,IO_INSTRUCTION,151,990502,6559.62
L1,Perf,cpu_benchmark,1_10000,7478762423,CPUID,63,25414,403.4
L1,Perf,cpu_benchmark,1_10000,7478762423,PENDING_INTERRUPT,18,6972,387.33
L1,Perf,cpu_benchmark,1_10000,7478762423,PAUSE_INSTRUCTION,12,3565,297.08
L1,Perf,cpu_benchmark,1_10000,7478762423,MSR_READ,1,860,860.0
L1,Perf,cpu_benchmark,1_10000,7478762423,EXCEPTION_NMI,1,294,294.0
L1,Perf,cpu_benchmark,1_10000,7478762423,VMCALL,1,0,0.0
L1,Perf,cpu_benchmark,1_10000,7476406827,HLT,1638,44972099,27455.49
L1,Perf,cpu_benchmark,1_10000,7476406827,PREEMPTION_TIMER,1898,2777407,1463.33
L1,Perf,cpu_benchmark,1_10000,7476406827,EPT_MISCONFIG,1722,2088967,1213.11
L1,Perf,cpu_benchmark,1_10000,7476406827,EXTERNAL_INTERRUPT,1965,1483359,754.89
L1,Perf,cpu_benchmark,1_10000,7476406827,MSR_WRITE,1919,1342073,699.36
L1,Perf,cpu_benchmark,1_10000,7476406827,IO_INSTRUCTION,151,905583,5997.24
L1,Perf,cpu_benchmark,1_10000,7476406827,CPUID,63,27814,441.49
L1,Perf,cpu_benchmark,1_10000,7476406827,PENDING_INTERRUPT,27,12217,452.48
L1,Perf,cpu_benchmark,1_10000,7476406827,PAUSE_INSTRUCTION,8,2089,261.12
L1,Perf,cpu_benchmark,1_10000,7476406827,MSR_READ,1,690,690.0
L1,Perf,cpu_benchmark,1_10000,7476406827,VMCALL,1,0,0.0
L1,Perf,cpu_benchmark,1_10000,7488307105,HLT,1640,49594401,30240.49
L1,Perf,cpu_benchmark,1_10000,7488307105,PREEMPTION_TIMER,1900,2896064,1524.24
L1,Perf,cpu_benchmark,1_10000,7488307105,EPT_MISCONFIG,1737,2064269,1188.41
L1,Perf,cpu_benchmark,1_10000,7488307105,MSR_WRITE,1921,1646926,857.33
L1,Perf,cpu_benchmark,1_10000,7488307105,EXTERNAL_INTERRUPT,1957,1494149,763.49
L1,Perf,cpu_benchmark,1_10000,7488307105,IO_INSTRUCTION,188,999998,5319.14
L1,Perf,cpu_benchmark,1_10000,7488307105,CPUID,63,26600,422.22
L1,Perf,cpu_benchmark,1_10000,7488307105,PENDING_INTERRUPT,20,7603,380.15
L1,Perf,cpu_benchmark,1_10000,7488307105,PAUSE_INSTRUCTION,11,4738,430.73
L1,Perf,cpu_benchmark,1_10000,7488307105,MSR_READ,1,881,881.0
L1,Perf,cpu_benchmark,1_10000,7488307105,EXCEPTION_NMI,1,449,449.0
L1,Perf,cpu_benchmark,1_10000,7488307105,VMCALL,1,0,0.0
L1,Perf,cpu_benchmark,1_10000,7470326984,HLT,1635,48333586,29561.83
L1,Perf,cpu_benchmark,1_10000,7470326984,PREEMPTION_TIMER,1897,2621308,1381.82
L1,Perf,cpu_benchmark,1_10000,7470326984,EPT_MISCONFIG,1734,2089059,1204.76
L1,Perf,cpu_benchmark,1_10000,7470326984,MSR_WRITE,1914,1507739,787.74
L1,Perf,cpu_benchmark,1_10000,7470326984,EXTERNAL_INTERRUPT,1976,1355349,685.91
L1,Perf,cpu_benchmark,1_10000,7470326984,IO_INSTRUCTION,151,921784,6104.53
L1,Perf,cpu_benchmark,1_10000,7470326984,CPUID,63,28702,455.59
L1,Perf,cpu_benchmark,1_10000,7470326984,EXCEPTION_NMI,1,17827,17827.0
L1,Perf,cpu_benchmark,1_10000,7470326984,PENDING_INTERRUPT,19,6980,367.37
L1,Perf,cpu_benchmark,1_10000,7470326984,PAUSE_INSTRUCTION,12,3226,268.83
L1,Perf,cpu_benchmark,1_10000,7470326984,MSR_READ,1,590,590.0
L1,Perf,cpu_benchmark,1_10000,7470326984,VMCALL,1,0,0.0
L1,Perf,cpu_benchmark,1_10000,7481573042,HLT,1409,42016164,29819.85
L1,Perf,cpu_benchmark,1_10000,7481573042,PREEMPTION_TIMER,1916,2672756,1394.97
L1,Perf,cpu_benchmark,1_10000,7481573042,EPT_MISCONFIG,1726,2183755,1265.21
L1,Perf,cpu_benchmark,1_10000,7481573042,MSR_WRITE,1950,1276720,654.73
L1,Perf,cpu_benchmark,1_10000,7481573042,EXTERNAL_INTERRUPT,2205,1170058,530.64
L1,Perf,cpu_benchmark,1_10000,7481573042,IO_INSTRUCTION,151,801874,5310.42
L1,Perf,cpu_benchmark,1_10000,7481573042,CPUID,63,31549,500.78
L1,Perf,cpu_benchmark,1_10000,7481573042,PENDING_INTERRUPT,42,19902,473.86
L1,Perf,cpu_benchmark,1_10000,7481573042,PAUSE_INSTRUCTION,8,2271,283.88
L1,Perf,cpu_benchmark,1_10000,7481573042,EXCEPTION_NMI,1,2188,2188.0
L1,Perf,cpu_benchmark,1_10000,7481573042,MSR_READ,1,742,742.0
L1,Perf,cpu_benchmark,1_10000,7481573042,VMCALL,1,0,0.0
L1,Perf,cpu_benchmark,1_10000,7546696680,HLT,1619,56653728,34993.04
L1,Perf,cpu_benchmark,1_10000,7546696680,PREEMPTION_TIMER,1915,5174808,2702.25
L1,Perf,cpu_benchmark,1_10000,7546696680,EPT_MISCONFIG,1723,2393594,1389.2
L1,Perf,cpu_benchmark,1_10000,7546696680,MSR_WRITE,1932,2020267,1045.69
L1,Perf,cpu_benchmark,1_10000,7546696680,EXTERNAL_INTERRUPT,2012,1311820,652.0
L1,Perf,cpu_benchmark,1_10000,7546696680,IO_INSTRUCTION,188,1084163,5766.82
L1,Perf,cpu_benchmark,1_10000,7546696680,CPUID,63,30396,482.48
L1,Perf,cpu_benchmark,1_10000,7546696680,PENDING_INTERRUPT,21,8079,384.71
L1,Perf,cpu_benchmark,1_10000,7546696680,PAUSE_INSTRUCTION,16,4449,278.06
L1,Perf,cpu_benchmark,1_10000,7546696680,MSR_READ,1,777,777.0
L1,Perf,cpu_benchmark,1_10000,7546696680,EXCEPTION_NMI,1,432,432.0
L1,Perf,cpu_benchmark,1_10000,7546696680,VMCALL,1,0,0.0
L1,Perf,cpu_benchmark,1_10000,7509658868,HLT,1530,43095564,28167.04
L1,Perf,cpu_benchmark,1_10000,7509658868,PREEMPTION_TIMER,1912,3174433,1660.27
L1,Perf,cpu_benchmark,1_10000,7509658868,EXTERNAL_INTERRUPT,5916,2661513,449.88
L1,Perf,cpu_benchmark,1_10000,7509658868,EPT_MISCONFIG,1750,2241170,1280.67
L1,Perf,cpu_benchmark,1_10000,7509658868,MSR_WRITE,1934,1456588,753.15
L1,Perf,cpu_benchmark,1_10000,7509658868,IO_INSTRUCTION,188,956836,5089.55
L1,Perf,cpu_benchmark,1_10000,7509658868,CPUID,77,32470,421.69
L1,Perf,cpu_benchmark,1_10000,7509658868,PENDING_INTERRUPT,26,11002,423.15
L1,Perf,cpu_benchmark,1_10000,7509658868,PAUSE_INSTRUCTION,16,4306,269.12
L1,Perf,cpu_benchmark,1_10000,7509658868,MSR_READ,1,665,665.0
L1,Perf,cpu_benchmark,1_10000,7509658868,VMCALL,1,0,0.0
L1,Perf,cpu_benchmark,1_10000,7515816025,HLT,1501,42991698,28642.04
L1,Perf,cpu_benchmark,1_10000,7515816025,PREEMPTION_TIMER,1903,3647714,1916.82
L1,Perf,cpu_benchmark,1_10000,7515816025,EPT_MISCONFIG,1737,2127222,1224.65
L1,Perf,cpu_benchmark,1_10000,7515816025,MSR_WRITE,1921,1554291,809.11
L1,Perf,cpu_benchmark,1_10000,7515816025,EXTERNAL_INTERRUPT,2184,1424115,652.07
L1,Perf,cpu_benchmark,1_10000,7515816025,IO_INSTRUCTION,188,979221,5208.62
L1,Perf,cpu_benchmark,1_10000,7515816025,CPUID,63,30813,489.1
L1,Perf,cpu_benchmark,1_10000,7515816025,PENDING_INTERRUPT,39,16660,427.18
L1,Perf,cpu_benchmark,1_10000,7515816025,PAUSE_INSTRUCTION,16,4756,297.25
L1,Perf,cpu_benchmark,1_10000,7515816025,EXCEPTION_NMI,1,1238,1238.0
L1,Perf,cpu_benchmark,1_10000,7515816025,MSR_READ,1,730,730.0
L1,Perf,cpu_benchmark,1_10000,7515816025,VMCALL,1,0,0.0
L1,Perf,cpu_benchmark,1_10000,7485284004,HLT,1636,49289213,30127.88
L1,Perf,cpu_benchmark,1_10000,7485284004,PREEMPTION_TIMER,1896,3144534,1658.51
L1,Perf,cpu_benchmark,1_10000,7485284004,EPT_MISCONFIG,1719,2129928,1239.05
L1,Perf,cpu_benchmark,1_10000,7485284004,MSR_WRITE,1923,1561620,812.07
L1,Perf,cpu_benchmark,1_10000,7485284004,EXTERNAL_INTERRUPT,2033,1097121,539.66
L1,Perf,cpu_benchmark,1_10000,7485284004,IO_INSTRUCTION,187,955551,5109.9
L1,Perf,cpu_benchmark,1_10000,7485284004,CPUID,63,26769,424.9
L1,Perf,cpu_benchmark,1_10000,7485284004,PENDING_INTERRUPT,25,9615,384.6
L1,Perf,cpu_benchmark,1_10000,7485284004,PAUSE_INSTRUCTION,16,4065,254.06
L1,Perf,cpu_benchmark,1_10000,7485284004,MSR_READ,1,607,607.0
L1,Perf,cpu_benchmark,1_10000,7485284004,EXCEPTION_NMI,1,363,363.0
L1,Perf,cpu_benchmark,1_10000,7485284004,VMCALL,1,0,0.0
L1,Perf,cpu_benchmark,1_10000,7483439716,HLT,1610,44633691,27722.79
L1,Perf,cpu_benchmark,1_10000,7483439716,EXTERNAL_INTERRUPT,1999,7758451,3881.17
L1,Perf,cpu_benchmark,1_10000,7483439716,PREEMPTION_TIMER,1898,2607741,1373.94
L1,Perf,cpu_benchmark,1_10000,7483439716,EPT_MISCONFIG,1745,2105400,1206.53
L1,Perf,cpu_benchmark,1_10000,7483439716,MSR_WRITE,1914,1466120,766.0
L1,Perf,cpu_benchmark,1_10000,7483439716,IO_INSTRUCTION,187,950268,5081.65
L1,Perf,cpu_benchmark,1_10000,7483439716,CPUID,63,27786,441.05
L1,Perf,cpu_benchmark,1_10000,7483439716,PENDING_INTERRUPT,29,10893,375.62
L1,Perf,cpu_benchmark,1_10000,7483439716,PAUSE_INSTRUCTION,16,4227,264.19
L1,Perf,cpu_benchmark,1_10000,7483439716,MSR_READ,1,737,737.0
L1,Perf,cpu_benchmark,1_10000,7483439716,EXCEPTION_NMI,1,397,397.0
L1,Perf,cpu_benchmark,1_10000,7483439716,VMCALL,1,0,0.0
L1,Perf,cpu_benchmark,1_10000,7468361132,HLT,1615,47628073,29491.07
L1,Perf,cpu_benchmark,1_10000,7468361132,PREEMPTION_TIMER,1894,2732095,1442.5
L1,Perf,cpu_benchmark,1_10000,7468361132,EPT_MISCONFIG,1738,2047452,1178.05
L1,Perf,cpu_benchmark,1_10000,7468361132,EXTERNAL_INTERRUPT,1997,1443334,722.75
L1,Perf,cpu_benchmark,1_10000,7468361132,MSR_WRITE,1910,1362689,713.45
L1,Perf,cpu_benchmark,1_10000,7468361132,IO_INSTRUCTION,188,838294,4459.01
L1,Perf,cpu_benchmark,1_10000,7468361132,CPUID,63,29261,464.46
L1,Perf,cpu_benchmark,1_10000,7468361132,PENDING_INTERRUPT,26,9836,378.31
L1,Perf,cpu_benchmark,1_10000,7468361132,PAUSE_INSTRUCTION,16,4880,305.0
L1,Perf,cpu_benchmark,1_10000,7468361132,EXCEPTION_NMI,1,3962,3962.0
L1,Perf,cpu_benchmark,1_10000,7468361132,MSR_READ,1,658,658.0
L1,Perf,cpu_benchmark,1_10000,7468361132,VMCALL,1,0,0.0
L1,Perf,cpu_benchmark,1_10000,7473537666,HLT,1637,49653859,30332.23
L1,Perf,cpu_benchmark,1_10000,7473537666,EXTERNAL_INTERRUPT,1979,7468918,3774.09
L1,Perf,cpu_benchmark,1_10000,7473537666,PREEMPTION_TIMER,1889,2545075,1347.31
L1,Perf,cpu_benchmark,1_10000,7473537666,EPT_MISCONFIG,1722,2041646,1185.62
L1,Perf,cpu_benchmark,1_10000,7473537666,MSR_WRITE,1923,1426476,741.8
L1,Perf,cpu_benchmark,1_10000,7473537666,IO_INSTRUCTION,188,888314,4725.07
L1,Perf,cpu_benchmark,1_10000,7473537666,CPUID,63,26558,421.56
L1,Perf,cpu_benchmark,1_10000,7473537666,PENDING_INTERRUPT,21,7449,354.71
L1,Perf,cpu_benchmark,1_10000,7473537666,PAUSE_INSTRUCTION,16,4652,290.75
L1,Perf,cpu_benchmark,1_10000,7473537666,MSR_READ,1,700,700.0
L1,Perf,cpu_benchmark,1_10000,7473537666,EXCEPTION_NMI,1,340,340.0
L1,Perf,cpu_benchmark,1_10000,7473537666,VMCALL,1,0,0.0
L1,Perf,cpu_benchmark,1_10000,7229562720,HLT,1630,43360766,26601.7
L1,Perf,cpu_benchmark,1_10000,7229562720,EPT_MISCONFIG,1735,1942974,1119.87
L1,Perf,cpu_benchmark,1_10000,7229562720,MSR_WRITE,1907,1786717,936.93
L1,Perf,cpu_benchmark,1_10000,7229562720,PREEMPTION_TIMER,1855,1228649,662.34
L1,Perf,cpu_benchmark,1_10000,7229562720,IO_INSTRUCTION,187,704094,3765.21
L1,Perf,cpu_benchmark,1_10000,7229562720,EXTERNAL_INTERRUPT,1847,596422,322.91
L1,Perf,cpu_benchmark,1_10000,7229562720,CPUID,63,26125,414.68
L1,Perf,cpu_benchmark,1_10000,7229562720,PENDING_INTERRUPT,18,6689,371.61
L1,Perf,cpu_benchmark,1_10000,7229562720,PAUSE_INSTRUCTION,16,3887,242.94
L1,Perf,cpu_benchmark,1_10000,7229562720,MSR_READ,1,650,650.0
L1,Perf,cpu_benchmark,1_10000,7229562720,EXCEPTION_NMI,1,353,353.0
L1,Perf,cpu_benchmark,1_10000,7229562720,VMCALL,1,0,0.0
L1,Perf,cpu_benchmark,1_10000,7506428265,HLT,1639,53336331,32542.0
L1,Perf,cpu_benchmark,1_10000,7506428265,PREEMPTION_TIMER,1903,4846293,2546.66
L1,Perf,cpu_benchmark,1_10000,7506428265,EPT_MISCONFIG,1722,2270465,1318.5
L1,Perf,cpu_benchmark,1_10000,7506428265,MSR_WRITE,1976,2126332,1076.08
L1,Perf,cpu_benchmark,1_10000,7506428265,EXTERNAL_INTERRUPT,1948,1878227,964.18
L1,Perf,cpu_benchmark,1_10000,7506428265,IO_INSTRUCTION,188,1214621,6460.75
L1,Perf,cpu_benchmark,1_10000,7506428265,CPUID,63,26834,425.94
L1,Perf,cpu_benchmark,1_10000,7506428265,PENDING_INTERRUPT,14,5857,418.36
L1,Perf,cpu_benchmark,1_10000,7506428265,PAUSE_INSTRUCTION,16,4064,254.0
L1,Perf,cpu_benchmark,1_10000,7506428265,MSR_READ,1,690,690.0
L1,Perf,cpu_benchmark,1_10000,7506428265,EXCEPTION_NMI,1,415,415.0
L1,Perf,cpu_benchmark,1_10000,7506428265,VMCALL,1,0,0.0
L1,Perf,cpu_benchmark,1_10000,7536366228,HLT,1630,49087112,30114.79
L1,Perf,cpu_benchmark,1_10000,7536366228,EXTERNAL_INTERRUPT,2004,5348829,2669.08
L1,Perf,cpu_benchmark,1_10000,7536366228,PREEMPTION_TIMER,1914,3127585,1634.06
L1,Perf,cpu_benchmark,1_10000,7536366228,EPT_MISCONFIG,1727,2074272,1201.08
L1,Perf,cpu_benchmark,1_10000,7536366228,MSR_WRITE,1931,1767689,915.43
L1,Perf,cpu_benchmark,1_10000,7536366228,IO_INSTRUCTION,151,973720,6448.48
L1,Perf,cpu_benchmark,1_10000,7536366228,CPUID,63,26336,418.03
L1,Perf,cpu_benchmark,1_10000,7536366228,PENDING_INTERRUPT,24,10124,421.83
L1,Perf,cpu_benchmark,1_10000,7536366228,PAUSE_INSTRUCTION,12,4003,333.58
L1,Perf,cpu_benchmark,1_10000,7536366228,EXCEPTION_NMI,1,1888,1888.0
L1,Perf,cpu_benchmark,1_10000,7536366228,MSR_READ,1,647,647.0
L1,Perf,cpu_benchmark,1_10000,7536366228,VMCALL,1,0,0.0
L1,Perf,cpu_benchmark,1_10000,7463550259,HLT,1624,49654028,30575.14
L1,Perf,cpu_benchmark,1_10000,7463550259,PREEMPTION_TIMER,1895,2252828,1188.83
L1,Perf,cpu_benchmark,1_10000,7463550259,EPT_MISCONFIG,1726,2143261,1241.75
L1,Perf,cpu_benchmark,1_10000,7463550259,EXTERNAL_INTERRUPT,1970,1721323,873.77
L1,Perf,cpu_benchmark,1_10000,7463550259,MSR_WRITE,1913,1219396,637.43
L1,Perf,cpu_benchmark,1_10000,7463550259,IO_INSTRUCTION,188,946758,5035.95
L1,Perf,cpu_benchmark,1_10000,7463550259,CPUID,63,28947,459.48
L1,Perf,cpu_benchmark,1_10000,7463550259,PENDING_INTERRUPT,29,12338,425.45
L1,Perf,cpu_benchmark,1_10000,7463550259,PAUSE_INSTRUCTION,16,4663,291.44
L1,Perf,cpu_benchmark,1_10000,7463550259,MSR_READ,1,626,626.0
L1,Perf,cpu_benchmark,1_10000,7463550259,EXCEPTION_NMI,1,339,339.0
L1,Perf,cpu_benchmark,1_10000,7463550259,VMCALL,1,0,0.0
L1,Perf,cpu_benchmark,1_10000,7488934510,HLT,1597,47890340,29987.69
L1,Perf,cpu_benchmark,1_10000,7488934510,PREEMPTION_TIMER,1896,3580240,1888.31
L1,Perf,cpu_benchmark,1_10000,7488934510,EPT_MISCONFIG,1726,2160925,1251.98
L1,Perf,cpu_benchmark,1_10000,7488934510,MSR_WRITE,1929,1765822,915.41
L1,Perf,cpu_benchmark,1_10000,7488934510,EXTERNAL_INTERRUPT,2019,1562449,773.87
L1,Perf,cpu_benchmark,1_10000,7488934510,IO_INSTRUCTION,190,1034717,5445.88
L1,Perf,cpu_benchmark,1_10000,7488934510,CPUID,63,25840,410.16
L1,Perf,cpu_benchmark,1_10000,7488934510,PENDING_INTERRUPT,34,12786,376.06
L1,Perf,cpu_benchmark,1_10000,7488934510,PAUSE_INSTRUCTION,12,3855,321.25
L1,Perf,cpu_benchmark,1_10000,7488934510,MSR_READ,2,1349,674.5
L1,Perf,cpu_benchmark,1_10000,7488934510,EXCEPTION_NMI,1,1157,1157.0
L1,Perf,cpu_benchmark,1_10000,7488934510,VMCALL,1,0,0.0
L1,Perf,cpu_benchmark,1_10000,7492660007,HLT,1639,48168936,29389.22
L1,Perf,cpu_benchmark,1_10000,7492660007,EXTERNAL_INTERRUPT,1981,4511903,2277.59
L1,Perf,cpu_benchmark,1_10000,7492660007,PREEMPTION_TIMER,1901,2582591,1358.54
L1,Perf,cpu_benchmark,1_10000,7492660007,EPT_MISCONFIG,1727,1992166,1153.54
L1,Perf,cpu_benchmark,1_10000,7492660007,MSR_WRITE,1920,1251995,652.08
L1,Perf,cpu_benchmark,1_10000,7492660007,IO_INSTRUCTION,191,938528,4913.76
L1,Perf,cpu_benchmark,1_10000,7492660007,CPUID,63,25541,405.41
L1,Perf,cpu_benchmark,1_10000,7492660007,PENDING_INTERRUPT,20,7491,374.55
L1,Perf,cpu_benchmark,1_10000,7492660007,PAUSE_INSTRUCTION,16,6521,407.56
L1,Perf,cpu_benchmark,1_10000,7492660007,MSR_READ,2,1659,829.5
L1,Perf,cpu_benchmark,1_10000,7492660007,EXCEPTION_NMI,1,346,346.0
L1,Perf,cpu_benchmark,1_10000,7492660007,VMCALL,1,0,0.0
L1,Perf,cpu_benchmark,1_10000,7230327929,HLT,1553,39382947,25359.27
L1,Perf,cpu_benchmark,1_10000,7230327929,EPT_MISCONFIG,1724,1945932,1128.73
L1,Perf,cpu_benchmark,1_10000,7230327929,MSR_WRITE,1846,1298948,703.66
L1,Perf,cpu_benchmark,1_10000,7230327929,PREEMPTION_TIMER,1834,1092201,595.53
L1,Perf,cpu_benchmark,1_10000,7230327929,EXTERNAL_INTERRUPT,1944,683742,351.72
L1,Perf,cpu_benchmark,1_10000,7230327929,IO_INSTRUCTION,150,668038,4453.59
L1,Perf,cpu_benchmark,1_10000,7230327929,CPUID,63,26231,416.37
L1,Perf,cpu_benchmark,1_10000,7230327929,PENDING_INTERRUPT,23,9229,401.26
L1,Perf,cpu_benchmark,1_10000,7230327929,PAUSE_INSTRUCTION,12,2994,249.5
L1,Perf,cpu_benchmark,1_10000,7230327929,MSR_READ,1,575,575.0
L1,Perf,cpu_benchmark,1_10000,7230327929,VMCALL,1,0,0.0
L1,Perf,cpu_benchmark,1_10000,7488789232,HLT,1635,47171291,28850.94
L1,Perf,cpu_benchmark,1_10000,7488789232,PREEMPTION_TIMER,1920,3005260,1565.24
L1,Perf,cpu_benchmark,1_10000,7488789232,EXTERNAL_INTERRUPT,5766,2434244,422.17
L1,Perf,cpu_benchmark,1_10000,7488789232,EPT_MISCONFIG,1745,2020949,1158.14
L1,Perf,cpu_benchmark,1_10000,7488789232,MSR_WRITE,1964,1430513,728.37
L1,Perf,cpu_benchmark,1_10000,7488789232,IO_INSTRUCTION,188,967033,5143.79
L1,Perf,cpu_benchmark,1_10000,7488789232,CPUID,63,26131,414.78
L1,Perf,cpu_benchmark,1_10000,7488789232,PENDING_INTERRUPT,17,6352,373.65
L1,Perf,cpu_benchmark,1_10000,7488789232,PAUSE_INSTRUCTION,16,4093,255.81
L1,Perf,cpu_benchmark,1_10000,7488789232,MSR_READ,1,612,612.0
L1,Perf,cpu_benchmark,1_10000,7488789232,VMCALL,1,0,0.0
L1,Perf,cpu_benchmark,1_10000,7549732848,HLT,1615,47995820,29718.77
L1,Perf,cpu_benchmark,1_10000,7549732848,PREEMPTION_TIMER,1912,4870480,2547.32
L1,Perf,cpu_benchmark,1_10000,7549732848,EPT_MISCONFIG,1745,2128364,1219.69
L1,Perf,cpu_benchmark,1_10000,7549732848,MSR_WRITE,1933,2074604,1073.26
L1,Perf,cpu_benchmark,1_10000,7549732848,EXTERNAL_INTERRUPT,2041,1428392,699.85
L1,Perf,cpu_benchmark,1_10000,7549732848,IO_INSTRUCTION,191,1019182,5336.03
L1,Perf,cpu_benchmark,1_10000,7549732848,CPUID,63,33240,527.62
L1,Perf,cpu_benchmark,1_10000,7549732848,PENDING_INTERRUPT,27,11279,417.74
L1,Perf,cpu_benchmark,1_10000,7549732848,PAUSE_INSTRUCTION,16,4509,281.81
L1,Perf,cpu_benchmark,1_10000,7549732848,MSR_READ,2,1260,630.0
L1,Perf,cpu_benchmark,1_10000,7549732848,EXCEPTION_NMI,1,480,480.0
L1,Perf,cpu_benchmark,1_10000,7549732848,VMCALL,1,0,0.0
L1,Perf,cpu_benchmark,1_10000,7536173691,HLT,1642,63644431,38760.31
L1,Perf,cpu_benchmark,1_10000,7536173691,PREEMPTION_TIMER,1905,7612488,3996.06
L1,Perf,cpu_benchmark,1_10000,7536173691,MSR_WRITE,1983,2757199,1390.42
L1,Perf,cpu_benchmark,1_10000,7536173691,EXTERNAL_INTERRUPT,1940,2734313,1409.44
L1,Perf,cpu_benchmark,1_10000,7536173691,EPT_MISCONFIG,1735,2594440,1495.35
L1,Perf,cpu_benchmark,1_10000,7536173691,IO_INSTRUCTION,151,1155253,7650.68
L1,Perf,cpu_benchmark,1_10000,7536173691,CPUID,63,38418,609.81
L1,Perf,cpu_benchmark,1_10000,7536173691,PENDING_INTERRUPT,17,7874,463.18
L1,Perf,cpu_benchmark,1_10000,7536173691,PAUSE_INSTRUCTION,8,7561,945.12
L1,Perf,cpu_benchmark,1_10000,7536173691,MSR_READ,1,651,651.0
L1,Perf,cpu_benchmark,1_10000,7536173691,VMCALL,1,0,0.0
L1,Perf,cpu_benchmark,1_10000,7467043605,HLT,1624,48458951,29839.26
L1,Perf,cpu_benchmark,1_10000,7467043605,PREEMPTION_TIMER,1896,2593640,1367.95
L1,Perf,cpu_benchmark,1_10000,7467043605,EPT_MISCONFIG,1718,2123056,1235.77
L1,Perf,cpu_benchmark,1_10000,7467043605,MSR_WRITE,1914,1415547,739.58
L1,Perf,cpu_benchmark,1_10000,7467043605,EXTERNAL_INTERRUPT,2013,1208783,600.49
L1,Perf,cpu_benchmark,1_10000,7467043605,IO_INSTRUCTION,188,926361,4927.45
L1,Perf,cpu_benchmark,1_10000,7467043605,CPUID,63,27338,433.94
L1,Perf,cpu_benchmark,1_10000,7467043605,PENDING_INTERRUPT,23,10026,435.91
L1,Perf,cpu_benchmark,1_10000,7467043605,PAUSE_INSTRUCTION,16,5047,315.44
L1,Perf,cpu_benchmark,1_10000,7467043605,MSR_READ,1,655,655.0
L1,Perf,cpu_benchmark,1_10000,7467043605,VMCALL,1,0,0.0
L1,Perf,cpu_benchmark,1_10000,7223483551,HLT,1637,45960973,28076.34
L1,Perf,cpu_benchmark,1_10000,7223483551,EPT_MISCONFIG,1717,1959406,1141.18
L1,Perf,cpu_benchmark,1_10000,7223483551,PREEMPTION_TIMER,1830,940148,513.74
L1,Perf,cpu_benchmark,1_10000,7223483551,MSR_WRITE,1845,857759,464.91
L1,Perf,cpu_benchmark,1_10000,7223483551,IO_INSTRUCTION,150,662156,4414.37
L1,Perf,cpu_benchmark,1_10000,7223483551,EXTERNAL_INTERRUPT,1854,521099,281.07
L1,Perf,cpu_benchmark,1_10000,7223483551,CPUID,63,25244,400.7
L1,Perf,cpu_benchmark,1_10000,7223483551,PENDING_INTERRUPT,17,6065,356.76
L1,Perf,cpu_benchmark,1_10000,7223483551,PAUSE_INSTRUCTION,12,2984,248.67
L1,Perf,cpu_benchmark,1_10000,7223483551,MSR_READ,1,619,619.0
L1,Perf,cpu_benchmark,1_10000,7223483551,EXCEPTION_NMI,1,280,280.0
L1,Perf,cpu_benchmark,1_10000,7223483551,VMCALL,1,0,0.0
L1,Perf,cpu_benchmark,1_10000,7487515528,HLT,1621,46203606,28503.15
L1,Perf,cpu_benchmark,1_10000,7487515528,PREEMPTION_TIMER,1894,3771632,1991.36
L1,Perf,cpu_benchmark,1_10000,7487515528,MSR_WRITE,1923,2176967,1132.07
L1,Perf,cpu_benchmark,1_10000,7487515528,EPT_MISCONFIG,1733,2160129,1246.47
L1,Perf,cpu_benchmark,1_10000,7487515528,EXTERNAL_INTERRUPT,1999,1972718,986.85
L1,Perf,cpu_benchmark,1_10000,7487515528,IO_INSTRUCTION,187,1304590,6976.42
L1,Perf,cpu_benchmark,1_10000,7487515528,CPUID,63,29440,467.3
L1,Perf,cpu_benchmark,1_10000,7487515528,PENDING_INTERRUPT,24,9425,392.71
L1,Perf,cpu_benchmark,1_10000,7487515528,PAUSE_INSTRUCTION,12,2958,246.5
L1,Perf,cpu_benchmark,1_10000,7487515528,MSR_READ,1,793,793.0
L1,Perf,cpu_benchmark,1_10000,7487515528,EXCEPTION_NMI,1,388,388.0
L1,Perf,cpu_benchmark,1_10000,7487515528,VMCALL,1,0,0.0
L1,Perf,cpu_benchmark,1_10000,7514972536,HLT,1635,54623051,33408.59
L1,Perf,cpu_benchmark,1_10000,7514972536,PREEMPTION_TIMER,1907,4226103,2216.1
L1,Perf,cpu_benchmark,1_10000,7514972536,EPT_MISCONFIG,1729,2280161,1318.77
L1,Perf,cpu_benchmark,1_10000,7514972536,MSR_WRITE,1928,1806789,937.13
L1,Perf,cpu_benchmark,1_10000,7514972536,EXTERNAL_INTERRUPT,2019,1201355,595.02
L1,Perf,cpu_benchmark,1_10000,7514972536,IO_INSTRUCTION,188,1014556,5396.57
L1,Perf,cpu_benchmark,1_10000,7514972536,CPUID,63,28963,459.73
L1,Perf,cpu_benchmark,1_10000,7514972536,PENDING_INTERRUPT,19,8011,421.63
L1,Perf,cpu_benchmark,1_10000,7514972536,PAUSE_INSTRUCTION,16,4371,273.19
L1,Perf,cpu_benchmark,1_10000,7514972536,MSR_READ,1,672,672.0
L1,Perf,cpu_benchmark,1_10000,7514972536,EXCEPTION_NMI,1,301,301.0
L1,Perf,cpu_benchmark,1_10000,7514972536,VMCALL,1,0,0.0
L1,Perf,cpu_benchmark,1_10000,7491079404,HLT,1510,41948552,27780.5
L1,Perf,cpu_benchmark,1_10000,7491079404,PREEMPTION_TIMER,1907,2790036,1463.05
L1,Perf,cpu_benchmark,1_10000,7491079404,EPT_MISCONFIG,1720,2066647,1201.54
L1,Perf,cpu_benchmark,1_10000,7491079404,MSR_WRITE,1924,1444220,750.63
L1,Perf,cpu_benchmark,1_10000,7491079404,EXTERNAL_INTERRUPT,2107,1390414,659.9
L1,Perf,cpu_benchmark,1_10000,7491079404,IO_INSTRUCTION,154,965749,6271.1
L1,Perf,cpu_benchmark,1_10000,7491079404,CPUID,63,28832,457.65
L1,Perf,cpu_benchmark,1_10000,7491079404,PENDING_INTERRUPT,31,12417,400.55
L1,Perf,cpu_benchmark,1_10000,7491079404,PAUSE_INSTRUCTION,12,2995,249.58
L1,Perf,cpu_benchmark,1_10000,7491079404,MSR_READ,2,1244,622.0
L1,Perf,cpu_benchmark,1_10000,7491079404,VMCALL,1,0,0.0
L1,Perf,cpu_benchmark,1_10000,7219487435,HLT,1645,42316193,25724.13
L1,Perf,cpu_benchmark,1_10000,7219487435,PREEMPTION_TIMER,1835,2272288,1238.3
L1,Perf,cpu_benchmark,1_10000,7219487435,EPT_MISCONFIG,1724,1950178,1131.19
L1,Perf,cpu_benchmark,1_10000,7219487435,MSR_WRITE,1845,874767,474.13
L1,Perf,cpu_benchmark,1_10000,7219487435,IO_INSTRUCTION,187,695621,3719.9
L1,Perf,cpu_benchmark,1_10000,7219487435,EXTERNAL_INTERRUPT,1848,533199,288.53
L1,Perf,cpu_benchmark,1_10000,7219487435,CPUID,63,26021,413.03
L1,Perf,cpu_benchmark,1_10000,7219487435,PENDING_INTERRUPT,23,8128,353.39
L1,Perf,cpu_benchmark,1_10000,7219487435,PAUSE_INSTRUCTION,12,2972,247.67
L1,Perf,cpu_benchmark,1_10000,7219487435,MSR_READ,1,587,587.0
L1,Perf,cpu_benchmark,1_10000,7219487435,EXCEPTION_NMI,1,327,327.0
L1,Perf,cpu_benchmark,1_10000,7219487435,VMCALL,1,0,0.0
L1,Perf,cpu_benchmark,1_10000,7494850898,HLT,1586,46704182,29447.78
L1,Perf,cpu_benchmark,1_10000,7494850898,PREEMPTION_TIMER,1904,3509980,1843.48
L1,Perf,cpu_benchmark,1_10000,7494850898,EPT_MISCONFIG,1738,2259465,1300.04
L1,Perf,cpu_benchmark,1_10000,7494850898,MSR_WRITE,1921,1876439,976.8
L1,Perf,cpu_benchmark,1_10000,7494850898,EXTERNAL_INTERRUPT,2033,1846439,908.23
L1,Perf,cpu_benchmark,1_10000,7494850898,IO_INSTRUCTION,151,975449,6459.93
L1,Perf,cpu_benchmark,1_10000,7494850898,CPUID,63,29672,470.98
L1,Perf,cpu_benchmark,1_10000,7494850898,PENDING_INTERRUPT,22,8519,387.23
L1,Perf,cpu_benchmark,1_10000,7494850898,PAUSE_INSTRUCTION,12,3034,252.83
L1,Perf,cpu_benchmark,1_10000,7494850898,EXCEPTION_NMI,1,1400,1400.0
L1,Perf,cpu_benchmark,1_10000,7494850898,MSR_READ,1,627,627.0
L1,Perf,cpu_benchmark,1_10000,7494850898,VMCALL,1,0,0.0
L1,Perf,cpu_benchmark,1_10000,7526203100,HLT,1637,49799371,30421.12
L1,Perf,cpu_benchmark,1_10000,7526203100,PREEMPTION_TIMER,1913,3938831,2058.98
L1,Perf,cpu_benchmark,1_10000,7526203100,EPT_MISCONFIG,1738,2212017,1272.74
L1,Perf,cpu_benchmark,1_10000,7526203100,MSR_WRITE,1932,1866731,966.22
L1,Perf,cpu_benchmark,1_10000,7526203100,EXTERNAL_INTERRUPT,2028,1435588,707.88
L1,Perf,cpu_benchmark,1_10000,7526203100,IO_INSTRUCTION,188,960799,5110.63
L1,Perf,cpu_benchmark,1_10000,7526203100,CPUID,63,28473,451.95
L1,Perf,cpu_benchmark,1_10000,7526203100,PENDING_INTERRUPT,22,9364,425.64
L1,Perf,cpu_benchmark,1_10000,7526203100,PAUSE_INSTRUCTION,16,6951,434.44
L1,Perf,cpu_benchmark,1_10000,7526203100,EXCEPTION_NMI,1,787,787.0
L1,Perf,cpu_benchmark,1_10000,7526203100,MSR_READ,1,672,672.0
L1,Perf,cpu_benchmark,1_10000,7526203100,VMCALL,1,0,0.0
L1,Perf,cpu_benchmark,1_10000,7496350059,HLT,1644,46619737,28357.5
L1,Perf,cpu_benchmark,1_10000,7496350059,EXTERNAL_INTERRUPT,1986,6432748,3239.05
L1,Perf,cpu_benchmark,1_10000,7496350059,PREEMPTION_TIMER,1902,2440148,1282.94
L1,Perf,cpu_benchmark,1_10000,7496350059,EPT_MISCONFIG,1731,2052560,1185.77
L1,Perf,cpu_benchmark,1_10000,7496350059,MSR_WRITE,1922,1614889,840.21
L1,Perf,cpu_benchmark,1_10000,7496350059,IO_INSTRUCTION,150,796671,5311.14
L1,Perf,cpu_benchmark,1_10000,7496350059,CPUID,63,26137,414.87
L1,Perf,cpu_benchmark,1_10000,7496350059,PENDING_INTERRUPT,16,5687,355.44
L1,Perf,cpu_benchmark,1_10000,7496350059,PAUSE_INSTRUCTION,12,3417,284.75
L1,Perf,cpu_benchmark,1_10000,7496350059,MSR_READ,1,744,744.0
L1,Perf,cpu_benchmark,1_10000,7496350059,EXCEPTION_NMI,1,384,384.0
L1,Perf,cpu_benchmark,1_10000,7496350059,VMCALL,1,0,0.0
L1,Perf,cpu_benchmark,1_10000,7466996163,HLT,1630,48109296,29514.91
L1,Perf,cpu_benchmark,1_10000,7466996163,PREEMPTION_TIMER,1899,2690839,1416.98
L1,Perf,cpu_benchmark,1_10000,7466996163,EPT_MISCONFIG,1727,2033442,1177.44
L1,Perf,cpu_benchmark,1_10000,7466996163,MSR_WRITE,1922,1580006,822.06
L1,Perf,cpu_benchmark,1_10000,7466996163,EXTERNAL_INTERRUPT,1982,1455309,734.26
L1,Perf,cpu_benchmark,1_10000,7466996163,IO_INSTRUCTION,187,970461,5189.63
L1,Perf,cpu_benchmark,1_10000,7466996163,CPUID,63,28272,448.76
L1,Perf,cpu_benchmark,1_10000,7466996163,PENDING_INTERRUPT,14,4893,349.5
L1,Perf,cpu_benchmark,1_10000,7466996163,PAUSE_INSTRUCTION,16,3839,239.94
L1,Perf,cpu_benchmark,1_10000,7466996163,MSR_READ,1,639,639.0
L1,Perf,cpu_benchmark,1_10000,7466996163,EXCEPTION_NMI,1,316,316.0
L1,Perf,cpu_benchmark,1_10000,7466996163,VMCALL,1,0,0.0
L1,Perf,cpu_benchmark,1_10000,7489209977,HLT,1183,32351061,27346.63
L1,Perf,cpu_benchmark,1_10000,7489209977,PREEMPTION_TIMER,1901,2963379,1558.85
L1,Perf,cpu_benchmark,1_10000,7489209977,EXTERNAL_INTERRUPT,2423,2206611,910.69
L1,Perf,cpu_benchmark,1_10000,7489209977,EPT_MISCONFIG,1730,2193105,1267.69
L1,Perf,cpu_benchmark,1_10000,7489209977,MSR_WRITE,1923,1766036,918.38
L1,Perf,cpu_benchmark,1_10000,7489209977,IO_INSTRUCTION,188,938452,4991.77
L1,Perf,cpu_benchmark,1_10000,7489209977,PENDING_INTERRUPT,73,31808,435.73
L1,Perf,cpu_benchmark,1_10000,7489209977,CPUID,63,29249,464.27
L1,Perf,cpu_benchmark,1_10000,7489209977,PAUSE_INSTRUCTION,12,3044,253.67
L1,Perf,cpu_benchmark,1_10000,7489209977,MSR_READ,1,730,730.0
L1,Perf,cpu_benchmark,1_10000,7489209977,VMCALL,1,0,0.0
L1,Perf,cpu_benchmark,1_10000,7531969657,HLT,1617,51406099,31791.03
L1,Perf,cpu_benchmark,1_10000,7531969657,PREEMPTION_TIMER,1907,4652907,2439.91
L1,Perf,cpu_benchmark,1_10000,7531969657,EPT_MISCONFIG,1730,2084427,1204.87
L1,Perf,cpu_benchmark,1_10000,7531969657,MSR_WRITE,1926,1870545,971.21
L1,Perf,cpu_benchmark,1_10000,7531969657,EXTERNAL_INTERRUPT,2001,1044607,522.04
L1,Perf,cpu_benchmark,1_10000,7531969657,IO_INSTRUCTION,188,1041960,5542.34
L1,Perf,cpu_benchmark,1_10000,7531969657,CPUID,63,27612,438.29
L1,Perf,cpu_benchmark,1_10000,7531969657,PENDING_INTERRUPT,30,11987,399.57
L1,Perf,cpu_benchmark,1_10000,7531969657,PAUSE_INSTRUCTION,12,3372,281.0
L1,Perf,cpu_benchmark,1_10000,7531969657,EXCEPTION_NMI,1,1804,1804.0
L1,Perf,cpu_benchmark,1_10000,7531969657,MSR_READ,1,657,657.0
L1,Perf,cpu_benchmark,1_10000,7531969657,VMCALL,1,0,0.0
L1,Perf,cpu_benchmark,1_10000,7526975853,HLT,1612,47031867,29176.1
L1,Perf,cpu_benchmark,1_10000,7526975853,EXTERNAL_INTERRUPT,2018,8095044,4011.42
L1,Perf,cpu_benchmark,1_10000,7526975853,PREEMPTION_TIMER,1906,3170291,1663.32
L1,Perf,cpu_benchmark,1_10000,7526975853,EPT_MISCONFIG,1729,2138259,1236.7
L1,Perf,cpu_benchmark,1_10000,7526975853,MSR_WRITE,1927,1764208,915.52
L1,Perf,cpu_benchmark,1_10000,7526975853,IO_INSTRUCTION,151,858898,5688.07
L1,Perf,cpu_benchmark,1_10000,7526975853,CPUID,63,30850,489.68
L1,Perf,cpu_benchmark,1_10000,7526975853,PENDING_INTERRUPT,20,8919,445.95
L1,Perf,cpu_benchmark,1_10000,7526975853,PAUSE_INSTRUCTION,12,2855,237.92
L1,Perf,cpu_benchmark,1_10000,7526975853,EXCEPTION_NMI,1,1309,1309.0
L1,Perf,cpu_benchmark,1_10000,7526975853,MSR_READ,1,759,759.0
L1,Perf,cpu_benchmark,1_10000,7526975853,VMCALL,1,0,0.0
L1,Perf,cpu_benchmark,1_10000,7471615616,HLT,1619,46772505,28889.75
L1,Perf,cpu_benchmark,1_10000,7471615616,PREEMPTION_TIMER,1894,2836486,1497.62
L1,Perf,cpu_benchmark,1_10000,7471615616,EPT_MISCONFIG,1728,2019216,1168.53
L1,Perf,cpu_benchmark,1_10000,7471615616,MSR_WRITE,1910,1392236,728.92
L1,Perf,cpu_benchmark,1_10000,7471615616,EXTERNAL_INTERRUPT,2001,980333,489.92
L1,Perf,cpu_benchmark,1_10000,7471615616,IO_INSTRUCTION,187,978940,5234.97
L1,Perf,cpu_benchmark,1_10000,7471615616,CPUID,63,25919,411.41
L1,Perf,cpu_benchmark,1_10000,7471615616,PENDING_INTERRUPT,27,10350,383.33
L1,Perf,cpu_benchmark,1_10000,7471615616,PAUSE_INSTRUCTION,8,2781,347.62
L1,Perf,cpu_benchmark,1_10000,7471615616,MSR_READ,1,824,824.0
L1,Perf,cpu_benchmark,1_10000,7471615616,EXCEPTION_NMI,1,347,347.0
L1,Perf,cpu_benchmark,1_10000,7471615616,VMCALL,1,0,0.0
L1,Perf,cpu_benchmark,1_10000,7472415606,HLT,1475,41768966,28317.94
L1,Perf,cpu_benchmark,1_10000,7472415606,PREEMPTION_TIMER,1902,2346992,1233.96
L1,Perf,cpu_benchmark,1_10000,7472415606,EPT_MISCONFIG,1736,2123357,1223.13
L1,Perf,cpu_benchmark,1_10000,7472415606,EXTERNAL_INTERRUPT,2197,1427848,649.91
L1,Perf,cpu_benchmark,1_10000,7472415606,MSR_WRITE,1920,1333802,694.69
L1,Perf,cpu_benchmark,1_10000,7472415606,IO_INSTRUCTION,153,911526,5957.69
L1,Perf,cpu_benchmark,1_10000,7472415606,CPUID,63,28331,449.7
L1,Perf,cpu_benchmark,1_10000,7472415606,PENDING_INTERRUPT,37,16848,455.35
L1,Perf,cpu_benchmark,1_10000,7472415606,PAUSE_INSTRUCTION,12,3981,331.75
L1,Perf,cpu_benchmark,1_10000,7472415606,MSR_READ,2,1295,647.5
L1,Perf,cpu_benchmark,1_10000,7472415606,EXCEPTION_NMI,1,389,389.0
L1,Perf,cpu_benchmark,1_10000,7472415606,VMCALL,1,0,0.0
L1,Perf,cpu_benchmark,1_10000,7220672947,HLT,1645,48221228,29313.82
L1,Perf,cpu_benchmark,1_10000,7220672947,EPT_MISCONFIG,1733,2154695,1243.33
L1,Perf,cpu_benchmark,1_10000,7220672947,PREEMPTION_TIMER,1831,1256954,686.48
L1,Perf,cpu_benchmark,1_10000,7220672947,MSR_WRITE,1855,1160906,625.83
L1,Perf,cpu_benchmark,1_10000,7220672947,EXTERNAL_INTERRUPT,2005,1036767,517.09
L1,Perf,cpu_benchmark,1_10000,7220672947,IO_INSTRUCTION,150,718996,4793.31
L1,Perf,cpu_benchmark,1_10000,7220672947,CPUID,63,27126,430.57
L1,Perf,cpu_benchmark,1_10000,7220672947,PAUSE_INSTRUCTION,12,22229,1852.42
L1,Perf,cpu_benchmark,1_10000,7220672947,PENDING_INTERRUPT,19,7232,380.63
L1,Perf,cpu_benchmark,1_10000,7220672947,MSR_READ,1,624,624.0
L1,Perf,cpu_benchmark,1_10000,7220672947,EXCEPTION_NMI,1,268,268.0
L1,Perf,cpu_benchmark,1_10000,7220672947,VMCALL,1,0,0.0
L1,Perf,cpu_benchmark,1_10000,7473830223,HLT,1640,48498126,29572.03
L1,Perf,cpu_benchmark,1_10000,7473830223,PREEMPTION_TIMER,1891,3370639,1782.46
L1,Perf,cpu_benchmark,1_10000,7473830223,EPT_MISCONFIG,1729,2088739,1208.06
L1,Perf,cpu_benchmark,1_10000,7473830223,MSR_WRITE,1914,1491259,779.13
L1,Perf,cpu_benchmark,1_10000,7473830223,EXTERNAL_INTERRUPT,2006,1388573,692.21
L1,Perf,cpu_benchmark,1_10000,7473830223,IO_INSTRUCTION,187,990213,5295.26
L1,Perf,cpu_benchmark,1_10000,7473830223,CPUID,63,28994,460.22
L1,Perf,cpu_benchmark,1_10000,7473830223,PENDING_INTERRUPT,21,8347,397.48
L1,Perf,cpu_benchmark,1_10000,7473830223,PAUSE_INSTRUCTION,16,4111,256.94
L1,Perf,cpu_benchmark,1_10000,7473830223,MSR_READ,1,616,616.0
L1,Perf,cpu_benchmark,1_10000,7473830223,VMCALL,1,0,0.0
L1,Perf,cpu_benchmark,1_10000,7594638763,HLT,1520,52248693,34374.14
L1,Perf,cpu_benchmark,1_10000,7594638763,PREEMPTION_TIMER,1925,5253220,2728.95
L1,Perf,cpu_benchmark,1_10000,7594638763,EPT_MISCONFIG,1728,2590729,1499.26
L1,Perf,cpu_benchmark,1_10000,7594638763,MSR_WRITE,1947,2145782,1102.1
L1,Perf,cpu_benchmark,1_10000,7594638763,EXTERNAL_INTERRUPT,2142,1599624,746.79
L1,Perf,cpu_benchmark,1_10000,7594638763,IO_INSTRUCTION,188,990229,5267.18
L1,Perf,cpu_benchmark,1_10000,7594638763,CPUID,63,59091,937.95
L1,Perf,cpu_benchmark,1_10000,7594638763,PENDING_INTERRUPT,31,13371,431.32
L1,Perf,cpu_benchmark,1_10000,7594638763,PAUSE_INSTRUCTION,12,3422,285.17
L1,Perf,cpu_benchmark,1_10000,7594638763,EXCEPTION_NMI,1,1584,1584.0
L1,Perf,cpu_benchmark,1_10000,7594638763,MSR_READ,1,1105,1105.0
L1,Perf,cpu_benchmark,1_10000,7594638763,VMCALL,1,0,0.0
L1,Perf,cpu_benchmark,1_10000,7495560673,HLT,1636,47317207,28922.5
L1,Perf,cpu_benchmark,1_10000,7495560673,EXTERNAL_INTERRUPT,1974,7729478,3915.64
L1,Perf,cpu_benchmark,1_10000,7495560673,PREEMPTION_TIMER,1899,3326384,1751.65
L1,Perf,cpu_benchmark,1_10000,7495560673,EPT_MISCONFIG,1718,2015519,1173.18
L1,Perf,cpu_benchmark,1_10000,7495560673,MSR_WRITE,1920,1755989,914.58
L1,Perf,cpu_benchmark,1_10000,7495560673,IO_INSTRUCTION,151,958488,6347.6
L1,Perf,cpu_benchmark,1_10000,7495560673,CPUID,63,28275,448.81
L1,Perf,cpu_benchmark,1_10000,7495560673,PENDING_INTERRUPT,20,7525,376.25
L1,Perf,cpu_benchmark,1_10000,7495560673,PAUSE_INSTRUCTION,12,4458,371.5
L1,Perf,cpu_benchmark,1_10000,7495560673,MSR_READ,1,566,566.0
L1,Perf,cpu_benchmark,1_10000,7495560673,VMCALL,1,0,0.0
L1,Perf,cpu_benchmark,1_10000,7488020656,HLT,1593,47638297,29904.77
L1,Perf,cpu_benchmark,1_10000,7488020656,PREEMPTION_TIMER,1897,3195691,1684.6
L1,Perf,cpu_benchmark,1_10000,7488020656,EPT_MISCONFIG,1731,2094663,1210.09
L1,Perf,cpu_benchmark,1_10000,7488020656,MSR_WRITE,1919,1550249,807.84
L1,Perf,cpu_benchmark,1_10000,7488020656,EXTERNAL_INTERRUPT,2012,1437015,714.22
L1,Perf,cpu_benchmark,1_10000,7488020656,IO_INSTRUCTION,188,985620,5242.66
L1,Perf,cpu_benchmark,1_10000,7488020656,CPUID,63,26379,418.71
L1,Perf,cpu_benchmark,1_10000,7488020656,PENDING_INTERRUPT,31,13250,427.42
L1,Perf,cpu_benchmark,1_10000,7488020656,PAUSE_INSTRUCTION,16,4679,292.44
L1,Perf,cpu_benchmark,1_10000,7488020656,MSR_READ,1,698,698.0
L1,Perf,cpu_benchmark,1_10000,7488020656,VMCALL,1,0,0.0
L1,Perf,cpu_benchmark,1_10000,7458229688,HLT,1554,44161013,28417.64
L1,Perf,cpu_benchmark,1_10000,7458229688,PREEMPTION_TIMER,1890,2363872,1250.73
L1,Perf,cpu_benchmark,1_10000,7458229688,EPT_MISCONFIG,1726,2064114,1195.89
L1,Perf,cpu_benchmark,1_10000,7458229688,EXTERNAL_INTERRUPT,2059,1574253,764.57
L1,Perf,cpu_benchmark,1_10000,7458229688,MSR_WRITE,1909,1486882,778.88
L1,Perf,cpu_benchmark,1_10000,7458229688,IO_INSTRUCTION,150,913400,6089.33
L1,Perf,cpu_benchmark,1_10000,7458229688,CPUID,63,27453,435.76
L1,Perf,cpu_benchmark,1_10000,7458229688,PENDING_INTERRUPT,27,11937,442.11
L1,Perf,cpu_benchmark,1_10000,7458229688,PAUSE_INSTRUCTION,11,3649,331.73
L1,Perf,cpu_benchmark,1_10000,7458229688,EXCEPTION_NMI,1,1464,1464.0
L1,Perf,cpu_benchmark,1_10000,7458229688,MSR_READ,1,564,564.0
L1,Perf,cpu_benchmark,1_10000,7458229688,VMCALL,1,0,0.0
L1,Perf,cpu_benchmark,1_10000,7620240949,HLT,1638,67896632,41450.94
L1,Perf,cpu_benchmark,1_10000,7620240949,PREEMPTION_TIMER,1930,5547703,2874.46
L1,Perf,cpu_benchmark,1_10000,7620240949,EPT_MISCONFIG,1703,2674678,1570.57
L1,Perf,cpu_benchmark,1_10000,7620240949,MSR_WRITE,1958,2455404,1254.04
L1,Perf,cpu_benchmark,1_10000,7620240949,EXTERNAL_INTERRUPT,2030,1330524,655.43
L1,Perf,cpu_benchmark,1_10000,7620240949,IO_INSTRUCTION,189,1120403,5928.06
L1,Perf,cpu_benchmark,1_10000,7620240949,CPUID,63,43128,684.57
L1,Perf,cpu_benchmark,1_10000,7620240949,PENDING_INTERRUPT,27,13432,497.48
L1,Perf,cpu_benchmark,1_10000,7620240949,PAUSE_INSTRUCTION,11,3768,342.55
L1,Perf,cpu_benchmark,1_10000,7620240949,MSR_READ,1,809,809.0
L1,Perf,cpu_benchmark,1_10000,7620240949,EXCEPTION_NMI,1,315,315.0
L1,Perf,cpu_benchmark,1_10000,7620240949,VMCALL,1,0,0.0
