layer,tracer,workload,configuration,time,event,freq,total_event_cost,cost_per_event
L1,Ftrace,syscall_benchmark,getcpu_0_2500,428174,VMCALL,0,0,-1
L1,Ftrace,syscall_benchmark,getcpu_0_2500,432243,VMCALL,0,0,-1
L1,Ftrace,syscall_benchmark,getcpu_0_2500,428781,VMCALL,0,0,-1
L1,Ftrace,syscall_benchmark,getcpu_0_2500,439780,VMCALL,0,0,-1
L1,Ftrace,syscall_benchmark,getcpu_0_2500,433860,VMCALL,0,0,-1
L1,Ftrace,syscall_benchmark,getcpu_0_2500,428486,VMCALL,0,0,-1
L1,Ftrace,syscall_benchmark,getcpu_0_2500,430672,VMCALL,0,0,-1
L1,Ftrace,syscall_benchmark,getcpu_0_2500,442850,VMCALL,0,0,-1
L1,Ftrace,syscall_benchmark,getcpu_0_2500,454275,VMCALL,0,0,-1
L1,Ftrace,syscall_benchmark,getcpu_0_2500,430342,VMCALL,0,0,-1
L1,Ftrace,syscall_benchmark,getcpu_0_2500,428740,VMCALL,0,0,-1
L1,Ftrace,syscall_benchmark,getcpu_0_2500,443192,VMCALL,0,0,-1
L1,Ftrace,syscall_benchmark,getcpu_0_2500,432844,VMCALL,0,0,-1
L1,Ftrace,syscall_benchmark,getcpu_0_2500,431528,VMCALL,0,0,-1
L1,Ftrace,syscall_benchmark,getcpu_0_2500,430172,VMCALL,0,0,-1
L1,Ftrace,syscall_benchmark,getcpu_0_2500,428899,VMCALL,0,0,-1
L1,Ftrace,syscall_benchmark,getcpu_0_2500,471948,VMCALL,0,0,-1
L1,Ftrace,syscall_benchmark,getcpu_0_2500,431663,VMCALL,0,0,-1
L1,Ftrace,syscall_benchmark,getcpu_0_2500,430574,VMCALL,0,0,-1
L1,Ftrace,syscall_benchmark,getcpu_0_2500,476197,VMCALL,0,0,-1
L1,Ftrace,syscall_benchmark,getcpu_0_2500,438031,VMCALL,0,0,-1
L1,Ftrace,syscall_benchmark,getcpu_0_2500,429869,VMCALL,0,0,-1
L1,Ftrace,syscall_benchmark,getcpu_0_2500,496056,VMCALL,0,0,-1
L1,Ftrace,syscall_benchmark,getcpu_0_2500,466940,VMCALL,0,0,-1
L1,Ftrace,syscall_benchmark,getcpu_0_2500,429218,VMCALL,0,0,-1
L1,Ftrace,syscall_benchmark,getcpu_0_2500,431828,VMCALL,0,0,-1
L1,Ftrace,syscall_benchmark,getcpu_0_2500,441675,VMCALL,0,0,-1
L1,Ftrace,syscall_benchmark,getcpu_0_2500,433833,VMCALL,0,0,-1
L1,Ftrace,syscall_benchmark,getcpu_0_2500,432712,VMCALL,0,0,-1
L1,Ftrace,syscall_benchmark,getcpu_0_2500,430392,VMCALL,0,0,-1
L1,Hypertracing,syscall_benchmark,getcpu_0_2500,2113907,VMCALL,0,0,-1
L1,Hypertracing,syscall_benchmark,getcpu_0_2500,2123382,VMCALL,0,0,-1
L1,Hypertracing,syscall_benchmark,getcpu_0_2500,2254917,VMCALL,0,0,-1
L1,Hypertracing,syscall_benchmark,getcpu_0_2500,2157416,VMCALL,0,0,-1
L1,Hypertracing,syscall_benchmark,getcpu_0_2500,2113887,VMCALL,0,0,-1
L1,Hypertracing,syscall_benchmark,getcpu_0_2500,2149482,VMCALL,0,0,-1
L1,Hypertracing,syscall_benchmark,getcpu_0_2500,2111118,VMCALL,0,0,-1
L1,Hypertracing,syscall_benchmark,getcpu_0_2500,2159248,VMCALL,0,0,-1
L1,Hypertracing,syscall_benchmark,getcpu_0_2500,2119915,VMCALL,0,0,-1
L1,Hypertracing,syscall_benchmark,getcpu_0_2500,2086770,VMCALL,0,0,-1
L1,Hypertracing,syscall_benchmark,getcpu_0_2500,2137533,VMCALL,0,0,-1
L1,Hypertracing,syscall_benchmark,getcpu_0_2500,2140806,VMCALL,0,0,-1
L1,Hypertracing,syscall_benchmark,getcpu_0_2500,2223118,VMCALL,0,0,-1
L1,Hypertracing,syscall_benchmark,getcpu_0_2500,2136308,VMCALL,0,0,-1
L1,Hypertracing,syscall_benchmark,getcpu_0_2500,2165222,VMCALL,0,0,-1
L1,Hypertracing,syscall_benchmark,getcpu_0_2500,2123068,VMCALL,0,0,-1
L1,Hypertracing,syscall_benchmark,getcpu_0_2500,2090837,VMCALL,0,0,-1
L1,Hypertracing,syscall_benchmark,getcpu_0_2500,2181806,VMCALL,0,0,-1
L1,Hypertracing,syscall_benchmark,getcpu_0_2500,2093381,VMCALL,0,0,-1
L1,Hypertracing,syscall_benchmark,getcpu_0_2500,2259419,VMCALL,0,0,-1
L1,Hypertracing,syscall_benchmark,getcpu_0_2500,2101593,VMCALL,0,0,-1
L1,Hypertracing,syscall_benchmark,getcpu_0_2500,2155741,VMCALL,0,0,-1
L1,Hypertracing,syscall_benchmark,getcpu_0_2500,2168760,VMCALL,0,0,-1
L1,Hypertracing,syscall_benchmark,getcpu_0_2500,2105033,VMCALL,0,0,-1
L1,Hypertracing,syscall_benchmark,getcpu_0_2500,2093079,VMCALL,0,0,-1
L1,Hypertracing,syscall_benchmark,getcpu_0_2500,2096622,VMCALL,0,0,-1
L1,Hypertracing,syscall_benchmark,getcpu_0_2500,2296815,VMCALL,0,0,-1
L1,Hypertracing,syscall_benchmark,getcpu_0_2500,2145556,VMCALL,0,0,-1
L1,Hypertracing,syscall_benchmark,getcpu_0_2500,2126926,VMCALL,0,0,-1
L1,Hypertracing,syscall_benchmark,getcpu_0_2500,2274826,VMCALL,0,0,-1
L1,Lttng,syscall_benchmark,getcpu_0_2500,691911,VMCALL,0,0,-1
L1,Lttng,syscall_benchmark,getcpu_0_2500,495666,VMCALL,0,0,-1
L1,Lttng,syscall_benchmark,getcpu_0_2500,664237,VMCALL,0,0,-1
L1,Lttng,syscall_benchmark,getcpu_0_2500,512808,VMCALL,0,0,-1
L1,Lttng,syscall_benchmark,getcpu_0_2500,482108,VMCALL,0,0,-1
L1,Lttng,syscall_benchmark,getcpu_0_2500,655005,VMCALL,0,0,-1
L1,Lttng,syscall_benchmark,getcpu_0_2500,492145,VMCALL,0,0,-1
L1,Lttng,syscall_benchmark,getcpu_0_2500,480061,VMCALL,0,0,-1
L1,Lttng,syscall_benchmark,getcpu_0_2500,492931,VMCALL,0,0,-1
L1,Lttng,syscall_benchmark,getcpu_0_2500,692155,VMCALL,0,0,-1
L1,Lttng,syscall_benchmark,getcpu_0_2500,485748,VMCALL,0,0,-1
L1,Lttng,syscall_benchmark,getcpu_0_2500,475069,VMCALL,0,0,-1
L1,Lttng,syscall_benchmark,getcpu_0_2500,469871,VMCALL,0,0,-1
L1,Lttng,syscall_benchmark,getcpu_0_2500,805568,VMCALL,0,0,-1
L1,Lttng,syscall_benchmark,getcpu_0_2500,503688,VMCALL,0,0,-1
L1,Lttng,syscall_benchmark,getcpu_0_2500,495743,VMCALL,0,0,-1
L1,Lttng,syscall_benchmark,getcpu_0_2500,671240,VMCALL,0,0,-1
L1,Lttng,syscall_benchmark,getcpu_0_2500,632707,VMCALL,0,0,-1
L1,Lttng,syscall_benchmark,getcpu_0_2500,579559,VMCALL,0,0,-1
L1,Lttng,syscall_benchmark,getcpu_0_2500,460960,VMCALL,0,0,-1
L1,Lttng,syscall_benchmark,getcpu_0_2500,458227,VMCALL,0,0,-1
L1,Lttng,syscall_benchmark,getcpu_0_2500,694755,VMCALL,0,0,-1
L1,Lttng,syscall_benchmark,getcpu_0_2500,652989,VMCALL,0,0,-1
L1,Lttng,syscall_benchmark,getcpu_0_2500,468612,VMCALL,0,0,-1
L1,Lttng,syscall_benchmark,getcpu_0_2500,746086,VMCALL,0,0,-1
L1,Lttng,syscall_benchmark,getcpu_0_2500,484885,VMCALL,0,0,-1
L1,Lttng,syscall_benchmark,getcpu_0_2500,723018,VMCALL,0,0,-1
L1,Lttng,syscall_benchmark,getcpu_0_2500,473685,VMCALL,0,0,-1
L1,Lttng,syscall_benchmark,getcpu_0_2500,734050,VMCALL,0,0,-1
L1,Lttng,syscall_benchmark,getcpu_0_2500,465275,VMCALL,0,0,-1
L1,None,syscall_benchmark,getcpu_0_2500,127479,VMCALL,0,0,-1
L1,None,syscall_benchmark,getcpu_0_2500,128217,VMCALL,0,0,-1
L1,None,syscall_benchmark,getcpu_0_2500,118345,VMCALL,0,0,-1
L1,None,syscall_benchmark,getcpu_0_2500,118354,VMCALL,0,0,-1
L1,None,syscall_benchmark,getcpu_0_2500,118502,VMCALL,0,0,-1
L1,None,syscall_benchmark,getcpu_0_2500,132267,VMCALL,0,0,-1
L1,None,syscall_benchmark,getcpu_0_2500,127192,VMCALL,0,0,-1
L1,None,syscall_benchmark,getcpu_0_2500,128849,VMCALL,0,0,-1
L1,None,syscall_benchmark,getcpu_0_2500,119621,VMCALL,0,0,-1
L1,None,syscall_benchmark,getcpu_0_2500,132706,VMCALL,0,0,-1
L1,None,syscall_benchmark,getcpu_0_2500,128304,VMCALL,0,0,-1
L1,None,syscall_benchmark,getcpu_0_2500,133569,VMCALL,0,0,-1
L1,None,syscall_benchmark,getcpu_0_2500,118266,VMCALL,0,0,-1
L1,None,syscall_benchmark,getcpu_0_2500,127496,VMCALL,0,0,-1
L1,None,syscall_benchmark,getcpu_0_2500,145637,VMCALL,0,0,-1
L1,None,syscall_benchmark,getcpu_0_2500,147794,VMCALL,0,0,-1
L1,None,syscall_benchmark,getcpu_0_2500,127419,VMCALL,0,0,-1
L1,None,syscall_benchmark,getcpu_0_2500,118296,VMCALL,0,0,-1
L1,None,syscall_benchmark,getcpu_0_2500,118319,VMCALL,0,0,-1
L1,None,syscall_benchmark,getcpu_0_2500,127561,VMCALL,0,0,-1
L1,None,syscall_benchmark,getcpu_0_2500,213065,VMCALL,0,0,-1
L1,None,syscall_benchmark,getcpu_0_2500,119163,VMCALL,0,0,-1
L1,None,syscall_benchmark,getcpu_0_2500,118173,VMCALL,0,0,-1
L1,None,syscall_benchmark,getcpu_0_2500,127856,VMCALL,0,0,-1
L1,None,syscall_benchmark,getcpu_0_2500,124345,VMCALL,0,0,-1
L1,None,syscall_benchmark,getcpu_0_2500,127089,VMCALL,0,0,-1
L1,None,syscall_benchmark,getcpu_0_2500,119708,VMCALL,0,0,-1
L1,None,syscall_benchmark,getcpu_0_2500,119100,VMCALL,0,0,-1
L1,None,syscall_benchmark,getcpu_0_2500,154058,VMCALL,0,0,-1
L1,None,syscall_benchmark,getcpu_0_2500,118271,VMCALL,0,0,-1
L1,Perf,syscall_benchmark,getcpu_0_2500,1029429,VMCALL,0,0,-1
L1,Perf,syscall_benchmark,getcpu_0_2500,1085328,VMCALL,0,0,-1
L1,Perf,syscall_benchmark,getcpu_0_2500,1106716,VMCALL,0,0,-1
L1,Perf,syscall_benchmark,getcpu_0_2500,1028206,VMCALL,0,0,-1
L1,Perf,syscall_benchmark,getcpu_0_2500,1084638,VMCALL,0,0,-1
L1,Perf,syscall_benchmark,getcpu_0_2500,1028910,VMCALL,0,0,-1
L1,Perf,syscall_benchmark,getcpu_0_2500,1043265,VMCALL,0,0,-1
L1,Perf,syscall_benchmark,getcpu_0_2500,1059916,VMCALL,0,0,-1
L1,Perf,syscall_benchmark,getcpu_0_2500,1053521,VMCALL,0,0,-1
L1,Perf,syscall_benchmark,getcpu_0_2500,1077564,VMCALL,0,0,-1
L1,Perf,syscall_benchmark,getcpu_0_2500,1091467,VMCALL,0,0,-1
L1,Perf,syscall_benchmark,getcpu_0_2500,1081415,VMCALL,0,0,-1
L1,Perf,syscall_benchmark,getcpu_0_2500,1094849,VMCALL,0,0,-1
L1,Perf,syscall_benchmark,getcpu_0_2500,1112828,VMCALL,0,0,-1
L1,Perf,syscall_benchmark,getcpu_0_2500,1072716,VMCALL,0,0,-1
L1,Perf,syscall_benchmark,getcpu_0_2500,1035573,VMCALL,0,0,-1
L1,Perf,syscall_benchmark,getcpu_0_2500,1070941,VMCALL,0,0,-1
L1,Perf,syscall_benchmark,getcpu_0_2500,1028483,VMCALL,0,0,-1
L1,Perf,syscall_benchmark,getcpu_0_2500,1039203,VMCALL,0,0,-1
L1,Perf,syscall_benchmark,getcpu_0_2500,1171202,VMCALL,0,0,-1
L1,Perf,syscall_benchmark,getcpu_0_2500,1035512,VMCALL,0,0,-1
L1,Perf,syscall_benchmark,getcpu_0_2500,1124134,VMCALL,0,0,-1
L1,Perf,syscall_benchmark,getcpu_0_2500,1076061,VMCALL,0,0,-1
L1,Perf,syscall_benchmark,getcpu_0_2500,1053696,VMCALL,0,0,-1
L1,Perf,syscall_benchmark,getcpu_0_2500,1031546,VMCALL,0,0,-1
L1,Perf,syscall_benchmark,getcpu_0_2500,1135145,VMCALL,0,0,-1
L1,Perf,syscall_benchmark,getcpu_0_2500,1040751,VMCALL,0,0,-1
L1,Perf,syscall_benchmark,getcpu_0_2500,1070550,VMCALL,0,0,-1
L1,Perf,syscall_benchmark,getcpu_0_2500,1036412,VMCALL,0,0,-1
L1,Perf,syscall_benchmark,getcpu_0_2500,1126614,VMCALL,0,0,-1

L1,Ftrace,syscall_benchmark,getcpu_1_2500,2856498,VMCALL,0,0,-1
L1,Ftrace,syscall_benchmark,getcpu_1_2500,2840165,VMCALL,0,0,-1
L1,Ftrace,syscall_benchmark,getcpu_1_2500,2827529,VMCALL,0,0,-1
L1,Ftrace,syscall_benchmark,getcpu_1_2500,2847174,VMCALL,0,0,-1
L1,Ftrace,syscall_benchmark,getcpu_1_2500,2879707,VMCALL,0,0,-1
L1,Ftrace,syscall_benchmark,getcpu_1_2500,2810842,VMCALL,0,0,-1
L1,Ftrace,syscall_benchmark,getcpu_1_2500,2847152,VMCALL,0,0,-1
L1,Ftrace,syscall_benchmark,getcpu_1_2500,2866532,VMCALL,0,0,-1
L1,Ftrace,syscall_benchmark,getcpu_1_2500,2811274,VMCALL,0,0,-1
L1,Ftrace,syscall_benchmark,getcpu_1_2500,2939918,VMCALL,0,0,-1
L1,Ftrace,syscall_benchmark,getcpu_1_2500,2936071,VMCALL,0,0,-1
L1,Ftrace,syscall_benchmark,getcpu_1_2500,2871159,VMCALL,0,0,-1
L1,Ftrace,syscall_benchmark,getcpu_1_2500,2869933,VMCALL,0,0,-1
L1,Ftrace,syscall_benchmark,getcpu_1_2500,2913478,VMCALL,0,0,-1
L1,Ftrace,syscall_benchmark,getcpu_1_2500,2865309,VMCALL,0,0,-1
L1,Ftrace,syscall_benchmark,getcpu_1_2500,2916574,VMCALL,0,0,-1
L1,Ftrace,syscall_benchmark,getcpu_1_2500,2882194,VMCALL,0,0,-1
L1,Ftrace,syscall_benchmark,getcpu_1_2500,2980899,VMCALL,0,0,-1
L1,Ftrace,syscall_benchmark,getcpu_1_2500,2911513,VMCALL,0,0,-1
L1,Ftrace,syscall_benchmark,getcpu_1_2500,2831374,VMCALL,0,0,-1
L1,Ftrace,syscall_benchmark,getcpu_1_2500,2878305,VMCALL,0,0,-1
L1,Ftrace,syscall_benchmark,getcpu_1_2500,2809554,VMCALL,0,0,-1
L1,Ftrace,syscall_benchmark,getcpu_1_2500,2836261,VMCALL,0,0,-1
L1,Ftrace,syscall_benchmark,getcpu_1_2500,2810402,VMCALL,0,0,-1
L1,Ftrace,syscall_benchmark,getcpu_1_2500,2882392,VMCALL,0,0,-1
L1,Ftrace,syscall_benchmark,getcpu_1_2500,2808177,VMCALL,0,0,-1
L1,Ftrace,syscall_benchmark,getcpu_1_2500,2948092,VMCALL,0,0,-1
L1,Ftrace,syscall_benchmark,getcpu_1_2500,2856198,VMCALL,0,0,-1
L1,Ftrace,syscall_benchmark,getcpu_1_2500,2807245,VMCALL,0,0,-1
L1,Ftrace,syscall_benchmark,getcpu_1_2500,2906327,VMCALL,0,0,-1
L1,Hypertracing,syscall_benchmark,getcpu_1_2500,4529634,VMCALL,0,0,-1
L1,Hypertracing,syscall_benchmark,getcpu_1_2500,4721792,VMCALL,0,0,-1
L1,Hypertracing,syscall_benchmark,getcpu_1_2500,4690742,VMCALL,0,0,-1
L1,Hypertracing,syscall_benchmark,getcpu_1_2500,4770658,VMCALL,0,0,-1
L1,Hypertracing,syscall_benchmark,getcpu_1_2500,4516576,VMCALL,0,0,-1
L1,Hypertracing,syscall_benchmark,getcpu_1_2500,4553642,VMCALL,0,0,-1
L1,Hypertracing,syscall_benchmark,getcpu_1_2500,4594413,VMCALL,0,0,-1
L1,Hypertracing,syscall_benchmark,getcpu_1_2500,4524033,VMCALL,0,0,-1
L1,Hypertracing,syscall_benchmark,getcpu_1_2500,4495905,VMCALL,0,0,-1
L1,Hypertracing,syscall_benchmark,getcpu_1_2500,4536919,VMCALL,0,0,-1
L1,Hypertracing,syscall_benchmark,getcpu_1_2500,4494518,VMCALL,0,0,-1
L1,Hypertracing,syscall_benchmark,getcpu_1_2500,4650346,VMCALL,0,0,-1
L1,Hypertracing,syscall_benchmark,getcpu_1_2500,4715516,VMCALL,0,0,-1
L1,Hypertracing,syscall_benchmark,getcpu_1_2500,4746849,VMCALL,0,0,-1
L1,Hypertracing,syscall_benchmark,getcpu_1_2500,4488035,VMCALL,0,0,-1
L1,Hypertracing,syscall_benchmark,getcpu_1_2500,4624589,VMCALL,0,0,-1
L1,Hypertracing,syscall_benchmark,getcpu_1_2500,4569874,VMCALL,0,0,-1
L1,Hypertracing,syscall_benchmark,getcpu_1_2500,4812566,VMCALL,0,0,-1
L1,Hypertracing,syscall_benchmark,getcpu_1_2500,4510810,VMCALL,0,0,-1
L1,Hypertracing,syscall_benchmark,getcpu_1_2500,4612279,VMCALL,0,0,-1
L1,Hypertracing,syscall_benchmark,getcpu_1_2500,4534938,VMCALL,0,0,-1
L1,Hypertracing,syscall_benchmark,getcpu_1_2500,4506000,VMCALL,0,0,-1
L1,Hypertracing,syscall_benchmark,getcpu_1_2500,4596146,VMCALL,0,0,-1
L1,Hypertracing,syscall_benchmark,getcpu_1_2500,4539549,VMCALL,0,0,-1
L1,Hypertracing,syscall_benchmark,getcpu_1_2500,4571865,VMCALL,0,0,-1
L1,Hypertracing,syscall_benchmark,getcpu_1_2500,4532496,VMCALL,0,0,-1
L1,Hypertracing,syscall_benchmark,getcpu_1_2500,4756211,VMCALL,0,0,-1
L1,Hypertracing,syscall_benchmark,getcpu_1_2500,4501944,VMCALL,0,0,-1
L1,Hypertracing,syscall_benchmark,getcpu_1_2500,4604096,VMCALL,0,0,-1
L1,Hypertracing,syscall_benchmark,getcpu_1_2500,4509805,VMCALL,0,0,-1
L1,Lttng,syscall_benchmark,getcpu_1_2500,3199969,VMCALL,0,0,-1
L1,Lttng,syscall_benchmark,getcpu_1_2500,3016405,VMCALL,0,0,-1
L1,Lttng,syscall_benchmark,getcpu_1_2500,3419269,VMCALL,0,0,-1
L1,Lttng,syscall_benchmark,getcpu_1_2500,3483700,VMCALL,0,0,-1
L1,Lttng,syscall_benchmark,getcpu_1_2500,3305434,VMCALL,0,0,-1
L1,Lttng,syscall_benchmark,getcpu_1_2500,3268073,VMCALL,0,0,-1
L1,Lttng,syscall_benchmark,getcpu_1_2500,3398981,VMCALL,0,0,-1
L1,Lttng,syscall_benchmark,getcpu_1_2500,3248442,VMCALL,0,0,-1
L1,Lttng,syscall_benchmark,getcpu_1_2500,3421423,VMCALL,0,0,-1
L1,Lttng,syscall_benchmark,getcpu_1_2500,3249621,VMCALL,0,0,-1
L1,Lttng,syscall_benchmark,getcpu_1_2500,4173798,VMCALL,0,0,-1
L1,Lttng,syscall_benchmark,getcpu_1_2500,3333651,VMCALL,0,0,-1
L1,Lttng,syscall_benchmark,getcpu_1_2500,3020524,VMCALL,0,0,-1
L1,Lttng,syscall_benchmark,getcpu_1_2500,3200349,VMCALL,0,0,-1
L1,Lttng,syscall_benchmark,getcpu_1_2500,3171811,VMCALL,0,0,-1
L1,Lttng,syscall_benchmark,getcpu_1_2500,3018046,VMCALL,0,0,-1
L1,Lttng,syscall_benchmark,getcpu_1_2500,3332206,VMCALL,0,0,-1
L1,Lttng,syscall_benchmark,getcpu_1_2500,3065393,VMCALL,0,0,-1
L1,Lttng,syscall_benchmark,getcpu_1_2500,3287430,VMCALL,0,0,-1
L1,Lttng,syscall_benchmark,getcpu_1_2500,3216837,VMCALL,0,0,-1
L1,Lttng,syscall_benchmark,getcpu_1_2500,3116937,VMCALL,0,0,-1
L1,Lttng,syscall_benchmark,getcpu_1_2500,3059766,VMCALL,0,0,-1
L1,Lttng,syscall_benchmark,getcpu_1_2500,3211509,VMCALL,0,0,-1
L1,Lttng,syscall_benchmark,getcpu_1_2500,2992937,VMCALL,0,0,-1
L1,Lttng,syscall_benchmark,getcpu_1_2500,3030547,VMCALL,0,0,-1
L1,Lttng,syscall_benchmark,getcpu_1_2500,3283993,VMCALL,0,0,-1
L1,Lttng,syscall_benchmark,getcpu_1_2500,3306734,VMCALL,0,0,-1
L1,Lttng,syscall_benchmark,getcpu_1_2500,3393889,VMCALL,0,0,-1
L1,Lttng,syscall_benchmark,getcpu_1_2500,3416080,VMCALL,0,0,-1
L1,Lttng,syscall_benchmark,getcpu_1_2500,3154370,VMCALL,0,0,-1
L1,None,syscall_benchmark,getcpu_1_2500,2539353,VMCALL,0,0,-1
L1,None,syscall_benchmark,getcpu_1_2500,2513823,VMCALL,0,0,-1
L1,None,syscall_benchmark,getcpu_1_2500,2677970,VMCALL,0,0,-1
L1,None,syscall_benchmark,getcpu_1_2500,2630614,VMCALL,0,0,-1
L1,None,syscall_benchmark,getcpu_1_2500,2656527,VMCALL,0,0,-1
L1,None,syscall_benchmark,getcpu_1_2500,2727000,VMCALL,0,0,-1
L1,None,syscall_benchmark,getcpu_1_2500,2532356,VMCALL,0,0,-1
L1,None,syscall_benchmark,getcpu_1_2500,2671849,VMCALL,0,0,-1
L1,None,syscall_benchmark,getcpu_1_2500,2589750,VMCALL,0,0,-1
L1,None,syscall_benchmark,getcpu_1_2500,2603252,VMCALL,0,0,-1
L1,None,syscall_benchmark,getcpu_1_2500,2692957,VMCALL,0,0,-1
L1,None,syscall_benchmark,getcpu_1_2500,2617526,VMCALL,0,0,-1
L1,None,syscall_benchmark,getcpu_1_2500,2622394,VMCALL,0,0,-1
L1,None,syscall_benchmark,getcpu_1_2500,2787538,VMCALL,0,0,-1
L1,None,syscall_benchmark,getcpu_1_2500,2710180,VMCALL,0,0,-1
L1,None,syscall_benchmark,getcpu_1_2500,2616345,VMCALL,0,0,-1
L1,None,syscall_benchmark,getcpu_1_2500,2549243,VMCALL,0,0,-1
L1,None,syscall_benchmark,getcpu_1_2500,2630129,VMCALL,0,0,-1
L1,None,syscall_benchmark,getcpu_1_2500,2867581,VMCALL,0,0,-1
L1,None,syscall_benchmark,getcpu_1_2500,2625016,VMCALL,0,0,-1
L1,None,syscall_benchmark,getcpu_1_2500,2559203,VMCALL,0,0,-1
L1,None,syscall_benchmark,getcpu_1_2500,2508744,VMCALL,0,0,-1
L1,None,syscall_benchmark,getcpu_1_2500,2511110,VMCALL,0,0,-1
L1,None,syscall_benchmark,getcpu_1_2500,2671830,VMCALL,0,0,-1
L1,None,syscall_benchmark,getcpu_1_2500,2596874,VMCALL,0,0,-1
L1,None,syscall_benchmark,getcpu_1_2500,2662112,VMCALL,0,0,-1
L1,None,syscall_benchmark,getcpu_1_2500,2692969,VMCALL,0,0,-1
L1,None,syscall_benchmark,getcpu_1_2500,2622837,VMCALL,0,0,-1
L1,None,syscall_benchmark,getcpu_1_2500,2670569,VMCALL,0,0,-1
L1,None,syscall_benchmark,getcpu_1_2500,2705992,VMCALL,0,0,-1
L1,Perf,syscall_benchmark,getcpu_1_2500,3682166,VMCALL,0,0,-1
L1,Perf,syscall_benchmark,getcpu_1_2500,3420171,VMCALL,0,0,-1
L1,Perf,syscall_benchmark,getcpu_1_2500,3440519,VMCALL,0,0,-1
L1,Perf,syscall_benchmark,getcpu_1_2500,3408910,VMCALL,0,0,-1
L1,Perf,syscall_benchmark,getcpu_1_2500,3438915,VMCALL,0,0,-1
L1,Perf,syscall_benchmark,getcpu_1_2500,3610171,VMCALL,0,0,-1
L1,Perf,syscall_benchmark,getcpu_1_2500,3440705,VMCALL,0,0,-1
L1,Perf,syscall_benchmark,getcpu_1_2500,3657096,VMCALL,0,0,-1
L1,Perf,syscall_benchmark,getcpu_1_2500,3596738,VMCALL,0,0,-1
L1,Perf,syscall_benchmark,getcpu_1_2500,3533668,VMCALL,0,0,-1
L1,Perf,syscall_benchmark,getcpu_1_2500,3504736,VMCALL,0,0,-1
L1,Perf,syscall_benchmark,getcpu_1_2500,3456428,VMCALL,0,0,-1
L1,Perf,syscall_benchmark,getcpu_1_2500,3407070,VMCALL,0,0,-1
L1,Perf,syscall_benchmark,getcpu_1_2500,3660830,VMCALL,0,0,-1
L1,Perf,syscall_benchmark,getcpu_1_2500,3576077,VMCALL,0,0,-1
L1,Perf,syscall_benchmark,getcpu_1_2500,3597118,VMCALL,0,0,-1
L1,Perf,syscall_benchmark,getcpu_1_2500,3448830,VMCALL,0,0,-1
L1,Perf,syscall_benchmark,getcpu_1_2500,3838582,VMCALL,0,0,-1
L1,Perf,syscall_benchmark,getcpu_1_2500,3592596,VMCALL,0,0,-1
L1,Perf,syscall_benchmark,getcpu_1_2500,3653070,VMCALL,0,0,-1
L1,Perf,syscall_benchmark,getcpu_1_2500,3685926,VMCALL,0,0,-1
L1,Perf,syscall_benchmark,getcpu_1_2500,3429932,VMCALL,0,0,-1
L1,Perf,syscall_benchmark,getcpu_1_2500,3533426,VMCALL,0,0,-1
L1,Perf,syscall_benchmark,getcpu_1_2500,3502140,VMCALL,0,0,-1
L1,Perf,syscall_benchmark,getcpu_1_2500,3538197,VMCALL,0,0,-1
L1,Perf,syscall_benchmark,getcpu_1_2500,3631165,VMCALL,0,0,-1
L1,Perf,syscall_benchmark,getcpu_1_2500,3964809,VMCALL,0,0,-1
L1,Perf,syscall_benchmark,getcpu_1_2500,3569854,VMCALL,0,0,-1
L1,Perf,syscall_benchmark,getcpu_1_2500,3439450,VMCALL,0,0,-1
L1,Perf,syscall_benchmark,getcpu_1_2500,3601969,VMCALL,0,0,-1
L1,Ftrace,syscall_benchmark,getcpu_5_2500,12331149,VMCALL,0,0,-1
L1,Ftrace,syscall_benchmark,getcpu_5_2500,12607240,VMCALL,0,0,-1
L1,Ftrace,syscall_benchmark,getcpu_5_2500,12297715,VMCALL,0,0,-1
L1,Ftrace,syscall_benchmark,getcpu_5_2500,12878436,VMCALL,0,0,-1
L1,Ftrace,syscall_benchmark,getcpu_5_2500,12461615,VMCALL,0,0,-1
L1,Ftrace,syscall_benchmark,getcpu_5_2500,12619025,VMCALL,0,0,-1
L1,Ftrace,syscall_benchmark,getcpu_5_2500,12449416,VMCALL,0,0,-1
L1,Ftrace,syscall_benchmark,getcpu_5_2500,12498372,VMCALL,0,0,-1
L1,Ftrace,syscall_benchmark,getcpu_5_2500,12351656,VMCALL,0,0,-1
L1,Ftrace,syscall_benchmark,getcpu_5_2500,12378057,VMCALL,0,0,-1
L1,Ftrace,syscall_benchmark,getcpu_5_2500,12324832,VMCALL,0,0,-1
L1,Ftrace,syscall_benchmark,getcpu_5_2500,12416056,VMCALL,0,0,-1
L1,Ftrace,syscall_benchmark,getcpu_5_2500,12591703,VMCALL,0,0,-1
L1,Ftrace,syscall_benchmark,getcpu_5_2500,12415534,VMCALL,0,0,-1
L1,Ftrace,syscall_benchmark,getcpu_5_2500,12347797,VMCALL,0,0,-1
L1,Ftrace,syscall_benchmark,getcpu_5_2500,12423841,VMCALL,0,0,-1
L1,Ftrace,syscall_benchmark,getcpu_5_2500,12517789,VMCALL,0,0,-1
L1,Ftrace,syscall_benchmark,getcpu_5_2500,12728301,VMCALL,0,0,-1
L1,Ftrace,syscall_benchmark,getcpu_5_2500,12383591,VMCALL,0,0,-1
L1,Ftrace,syscall_benchmark,getcpu_5_2500,12171329,VMCALL,0,0,-1
L1,Ftrace,syscall_benchmark,getcpu_5_2500,12551106,VMCALL,0,0,-1
L1,Ftrace,syscall_benchmark,getcpu_5_2500,13043779,VMCALL,0,0,-1
L1,Ftrace,syscall_benchmark,getcpu_5_2500,12369324,VMCALL,0,0,-1
L1,Ftrace,syscall_benchmark,getcpu_5_2500,12454819,VMCALL,0,0,-1
L1,Ftrace,syscall_benchmark,getcpu_5_2500,12731463,VMCALL,0,0,-1
L1,Ftrace,syscall_benchmark,getcpu_5_2500,12498271,VMCALL,0,0,-1
L1,Ftrace,syscall_benchmark,getcpu_5_2500,12346888,VMCALL,0,0,-1
L1,Ftrace,syscall_benchmark,getcpu_5_2500,12741142,VMCALL,0,0,-1
L1,Ftrace,syscall_benchmark,getcpu_5_2500,12203943,VMCALL,0,0,-1
L1,Ftrace,syscall_benchmark,getcpu_5_2500,12401134,VMCALL,0,0,-1
L1,Hypertracing,syscall_benchmark,getcpu_5_2500,14051023,VMCALL,0,0,-1
L1,Hypertracing,syscall_benchmark,getcpu_5_2500,14255249,VMCALL,0,0,-1
L1,Hypertracing,syscall_benchmark,getcpu_5_2500,13959405,VMCALL,0,0,-1
L1,Hypertracing,syscall_benchmark,getcpu_5_2500,13976330,VMCALL,0,0,-1
L1,Hypertracing,syscall_benchmark,getcpu_5_2500,14074849,VMCALL,0,0,-1
L1,Hypertracing,syscall_benchmark,getcpu_5_2500,14066754,VMCALL,0,0,-1
L1,Hypertracing,syscall_benchmark,getcpu_5_2500,14472328,VMCALL,0,0,-1
L1,Hypertracing,syscall_benchmark,getcpu_5_2500,13970010,VMCALL,0,0,-1
L1,Hypertracing,syscall_benchmark,getcpu_5_2500,14063079,VMCALL,0,0,-1
L1,Hypertracing,syscall_benchmark,getcpu_5_2500,13904088,VMCALL,0,0,-1
L1,Hypertracing,syscall_benchmark,getcpu_5_2500,14202398,VMCALL,0,0,-1
L1,Hypertracing,syscall_benchmark,getcpu_5_2500,14110673,VMCALL,0,0,-1
L1,Hypertracing,syscall_benchmark,getcpu_5_2500,14121650,VMCALL,0,0,-1
L1,Hypertracing,syscall_benchmark,getcpu_5_2500,14028260,VMCALL,0,0,-1
L1,Hypertracing,syscall_benchmark,getcpu_5_2500,14037171,VMCALL,0,0,-1
L1,Hypertracing,syscall_benchmark,getcpu_5_2500,13921290,VMCALL,0,0,-1
L1,Hypertracing,syscall_benchmark,getcpu_5_2500,13971406,VMCALL,0,0,-1
L1,Hypertracing,syscall_benchmark,getcpu_5_2500,14112960,VMCALL,0,0,-1
L1,Hypertracing,syscall_benchmark,getcpu_5_2500,13997311,VMCALL,0,0,-1
L1,Hypertracing,syscall_benchmark,getcpu_5_2500,14019631,VMCALL,0,0,-1
L1,Hypertracing,syscall_benchmark,getcpu_5_2500,14063009,VMCALL,0,0,-1
L1,Hypertracing,syscall_benchmark,getcpu_5_2500,14574405,VMCALL,0,0,-1
L1,Hypertracing,syscall_benchmark,getcpu_5_2500,13977490,VMCALL,0,0,-1
L1,Hypertracing,syscall_benchmark,getcpu_5_2500,14292217,VMCALL,0,0,-1
L1,Hypertracing,syscall_benchmark,getcpu_5_2500,13949398,VMCALL,0,0,-1
L1,Hypertracing,syscall_benchmark,getcpu_5_2500,14030932,VMCALL,0,0,-1
L1,Hypertracing,syscall_benchmark,getcpu_5_2500,14184514,VMCALL,0,0,-1
L1,Hypertracing,syscall_benchmark,getcpu_5_2500,13949993,VMCALL,0,0,-1
L1,Hypertracing,syscall_benchmark,getcpu_5_2500,13908413,VMCALL,0,0,-1
L1,Hypertracing,syscall_benchmark,getcpu_5_2500,14362333,VMCALL,0,0,-1
L1,Lttng,syscall_benchmark,getcpu_5_2500,12883068,VMCALL,0,0,-1
L1,Lttng,syscall_benchmark,getcpu_5_2500,13126058,VMCALL,0,0,-1
L1,Lttng,syscall_benchmark,getcpu_5_2500,13174156,VMCALL,0,0,-1
L1,Lttng,syscall_benchmark,getcpu_5_2500,13127902,VMCALL,0,0,-1
L1,Lttng,syscall_benchmark,getcpu_5_2500,13507856,VMCALL,0,0,-1
L1,Lttng,syscall_benchmark,getcpu_5_2500,13247107,VMCALL,0,0,-1
L1,Lttng,syscall_benchmark,getcpu_5_2500,13112716,VMCALL,0,0,-1
L1,Lttng,syscall_benchmark,getcpu_5_2500,12931692,VMCALL,0,0,-1
L1,Lttng,syscall_benchmark,getcpu_5_2500,13360038,VMCALL,0,0,-1
L1,Lttng,syscall_benchmark,getcpu_5_2500,13064945,VMCALL,0,0,-1
L1,Lttng,syscall_benchmark,getcpu_5_2500,13380059,VMCALL,0,0,-1
L1,Lttng,syscall_benchmark,getcpu_5_2500,13249197,VMCALL,0,0,-1
L1,Lttng,syscall_benchmark,getcpu_5_2500,13278568,VMCALL,0,0,-1
L1,Lttng,syscall_benchmark,getcpu_5_2500,13397122,VMCALL,0,0,-1
L1,Lttng,syscall_benchmark,getcpu_5_2500,13262189,VMCALL,0,0,-1
L1,Lttng,syscall_benchmark,getcpu_5_2500,12754906,VMCALL,0,0,-1
L1,Lttng,syscall_benchmark,getcpu_5_2500,13532601,VMCALL,0,0,-1
L1,Lttng,syscall_benchmark,getcpu_5_2500,12972354,VMCALL,0,0,-1
L1,Lttng,syscall_benchmark,getcpu_5_2500,13050246,VMCALL,0,0,-1
L1,Lttng,syscall_benchmark,getcpu_5_2500,13087837,VMCALL,0,0,-1
L1,Lttng,syscall_benchmark,getcpu_5_2500,12975954,VMCALL,0,0,-1
L1,Lttng,syscall_benchmark,getcpu_5_2500,13309406,VMCALL,0,0,-1
L1,Lttng,syscall_benchmark,getcpu_5_2500,12941176,VMCALL,0,0,-1
L1,Lttng,syscall_benchmark,getcpu_5_2500,12604697,VMCALL,0,0,-1
L1,Lttng,syscall_benchmark,getcpu_5_2500,12823501,VMCALL,0,0,-1
L1,Lttng,syscall_benchmark,getcpu_5_2500,13215776,VMCALL,0,0,-1
L1,Lttng,syscall_benchmark,getcpu_5_2500,13110357,VMCALL,0,0,-1
L1,Lttng,syscall_benchmark,getcpu_5_2500,13020593,VMCALL,0,0,-1
L1,Lttng,syscall_benchmark,getcpu_5_2500,13336471,VMCALL,0,0,-1
L1,Lttng,syscall_benchmark,getcpu_5_2500,13207615,VMCALL,0,0,-1
L1,None,syscall_benchmark,getcpu_5_2500,12143801,VMCALL,0,0,-1
L1,None,syscall_benchmark,getcpu_5_2500,12006337,VMCALL,0,0,-1
L1,None,syscall_benchmark,getcpu_5_2500,12178068,VMCALL,0,0,-1
L1,None,syscall_benchmark,getcpu_5_2500,12193088,VMCALL,0,0,-1
L1,None,syscall_benchmark,getcpu_5_2500,11926016,VMCALL,0,0,-1
L1,None,syscall_benchmark,getcpu_5_2500,12184547,VMCALL,0,0,-1
L1,None,syscall_benchmark,getcpu_5_2500,12519547,VMCALL,0,0,-1
L1,None,syscall_benchmark,getcpu_5_2500,12082710,VMCALL,0,0,-1
L1,None,syscall_benchmark,getcpu_5_2500,12426135,VMCALL,0,0,-1
L1,None,syscall_benchmark,getcpu_5_2500,12049817,VMCALL,0,0,-1
L1,None,syscall_benchmark,getcpu_5_2500,12033543,VMCALL,0,0,-1
L1,None,syscall_benchmark,getcpu_5_2500,12138461,VMCALL,0,0,-1
L1,None,syscall_benchmark,getcpu_5_2500,12517371,VMCALL,0,0,-1
L1,None,syscall_benchmark,getcpu_5_2500,12770561,VMCALL,0,0,-1
L1,None,syscall_benchmark,getcpu_5_2500,12169574,VMCALL,0,0,-1
L1,None,syscall_benchmark,getcpu_5_2500,12325564,VMCALL,0,0,-1
L1,None,syscall_benchmark,getcpu_5_2500,12351724,VMCALL,0,0,-1
L1,None,syscall_benchmark,getcpu_5_2500,11865289,VMCALL,0,0,-1
L1,None,syscall_benchmark,getcpu_5_2500,12200725,VMCALL,0,0,-1
L1,None,syscall_benchmark,getcpu_5_2500,12067805,VMCALL,0,0,-1
L1,None,syscall_benchmark,getcpu_5_2500,12042024,VMCALL,0,0,-1
L1,None,syscall_benchmark,getcpu_5_2500,11978606,VMCALL,0,0,-1
L1,None,syscall_benchmark,getcpu_5_2500,12182602,VMCALL,0,0,-1
L1,None,syscall_benchmark,getcpu_5_2500,12129414,VMCALL,0,0,-1
L1,None,syscall_benchmark,getcpu_5_2500,12486653,VMCALL,0,0,-1
L1,None,syscall_benchmark,getcpu_5_2500,12138904,VMCALL,0,0,-1
L1,None,syscall_benchmark,getcpu_5_2500,12092904,VMCALL,0,0,-1
L1,None,syscall_benchmark,getcpu_5_2500,12207589,VMCALL,0,0,-1
L1,None,syscall_benchmark,getcpu_5_2500,12167254,VMCALL,0,0,-1
L1,None,syscall_benchmark,getcpu_5_2500,12026701,VMCALL,0,0,-1
L1,Perf,syscall_benchmark,getcpu_5_2500,13291363,VMCALL,0,0,-1
L1,Perf,syscall_benchmark,getcpu_5_2500,14505068,VMCALL,0,0,-1
L1,Perf,syscall_benchmark,getcpu_5_2500,13305860,VMCALL,0,0,-1
L1,Perf,syscall_benchmark,getcpu_5_2500,13292459,VMCALL,0,0,-1
L1,Perf,syscall_benchmark,getcpu_5_2500,14032716,VMCALL,0,0,-1
L1,Perf,syscall_benchmark,getcpu_5_2500,13212339,VMCALL,0,0,-1
L1,Perf,syscall_benchmark,getcpu_5_2500,13218448,VMCALL,0,0,-1
L1,Perf,syscall_benchmark,getcpu_5_2500,13117821,VMCALL,0,0,-1
L1,Perf,syscall_benchmark,getcpu_5_2500,13795614,VMCALL,0,0,-1
L1,Perf,syscall_benchmark,getcpu_5_2500,14111196,VMCALL,0,0,-1
L1,Perf,syscall_benchmark,getcpu_5_2500,13096607,VMCALL,0,0,-1
L1,Perf,syscall_benchmark,getcpu_5_2500,13252008,VMCALL,0,0,-1
L1,Perf,syscall_benchmark,getcpu_5_2500,13402583,VMCALL,0,0,-1
L1,Perf,syscall_benchmark,getcpu_5_2500,12887464,VMCALL,0,0,-1
L1,Perf,syscall_benchmark,getcpu_5_2500,13514402,VMCALL,0,0,-1
L1,Perf,syscall_benchmark,getcpu_5_2500,13551342,VMCALL,0,0,-1
L1,Perf,syscall_benchmark,getcpu_5_2500,13276261,VMCALL,0,0,-1
L1,Perf,syscall_benchmark,getcpu_5_2500,13564054,VMCALL,0,0,-1
L1,Perf,syscall_benchmark,getcpu_5_2500,14427712,VMCALL,0,0,-1
L1,Perf,syscall_benchmark,getcpu_5_2500,13348436,VMCALL,0,0,-1
L1,Perf,syscall_benchmark,getcpu_5_2500,13689156,VMCALL,0,0,-1
L1,Perf,syscall_benchmark,getcpu_5_2500,13453932,VMCALL,0,0,-1
L1,Perf,syscall_benchmark,getcpu_5_2500,13253782,VMCALL,0,0,-1
L1,Perf,syscall_benchmark,getcpu_5_2500,13586799,VMCALL,0,0,-1
L1,Perf,syscall_benchmark,getcpu_5_2500,13771410,VMCALL,0,0,-1
L1,Perf,syscall_benchmark,getcpu_5_2500,13354692,VMCALL,0,0,-1
L1,Perf,syscall_benchmark,getcpu_5_2500,13399559,VMCALL,0,0,-1
L1,Perf,syscall_benchmark,getcpu_5_2500,13144092,VMCALL,0,0,-1
L1,Perf,syscall_benchmark,getcpu_5_2500,13521764,VMCALL,0,0,-1
L1,Perf,syscall_benchmark,getcpu_5_2500,13170827,VMCALL,0,0,-1
L1,Hypertracing_compress,syscall_benchmark,getcpu_0_2500,1271128,VMCALL,0,0,-1
L1,Hypertracing_compress,syscall_benchmark,getcpu_0_2500,1250357,VMCALL,0,0,-1
L1,Hypertracing_compress,syscall_benchmark,getcpu_0_2500,1304163,VMCALL,0,0,-1
L1,Hypertracing_compress,syscall_benchmark,getcpu_0_2500,1213200,VMCALL,0,0,-1
L1,Hypertracing_compress,syscall_benchmark,getcpu_0_2500,1218212,VMCALL,0,0,-1
L1,Hypertracing_compress,syscall_benchmark,getcpu_0_2500,1227306,VMCALL,0,0,-1
L1,Hypertracing_compress,syscall_benchmark,getcpu_0_2500,1227949,VMCALL,0,0,-1
L1,Hypertracing_compress,syscall_benchmark,getcpu_0_2500,1221516,VMCALL,0,0,-1
L1,Hypertracing_compress,syscall_benchmark,getcpu_0_2500,1357447,VMCALL,0,0,-1
L1,Hypertracing_compress,syscall_benchmark,getcpu_0_2500,1229399,VMCALL,0,0,-1
L1,Hypertracing_compress,syscall_benchmark,getcpu_0_2500,1286401,VMCALL,0,0,-1
L1,Hypertracing_compress,syscall_benchmark,getcpu_0_2500,1243876,VMCALL,0,0,-1
L1,Hypertracing_compress,syscall_benchmark,getcpu_0_2500,1287770,VMCALL,0,0,-1
L1,Hypertracing_compress,syscall_benchmark,getcpu_0_2500,1212858,VMCALL,0,0,-1
L1,Hypertracing_compress,syscall_benchmark,getcpu_0_2500,1227835,VMCALL,0,0,-1
L1,Hypertracing_compress,syscall_benchmark,getcpu_0_2500,1262605,VMCALL,0,0,-1
L1,Hypertracing_compress,syscall_benchmark,getcpu_0_2500,1255949,VMCALL,0,0,-1
L1,Hypertracing_compress,syscall_benchmark,getcpu_0_2500,1224075,VMCALL,0,0,-1
L1,Hypertracing_compress,syscall_benchmark,getcpu_0_2500,1310110,VMCALL,0,0,-1
L1,Hypertracing_compress,syscall_benchmark,getcpu_0_2500,1256499,VMCALL,0,0,-1
L1,Hypertracing_compress,syscall_benchmark,getcpu_0_2500,1263836,VMCALL,0,0,-1
L1,Hypertracing_compress,syscall_benchmark,getcpu_0_2500,1222199,VMCALL,0,0,-1
L1,Hypertracing_compress,syscall_benchmark,getcpu_0_2500,1241777,VMCALL,0,0,-1
L1,Hypertracing_compress,syscall_benchmark,getcpu_0_2500,1292684,VMCALL,0,0,-1
L1,Hypertracing_compress,syscall_benchmark,getcpu_0_2500,1292671,VMCALL,0,0,-1
L1,Hypertracing_compress,syscall_benchmark,getcpu_0_2500,1246996,VMCALL,0,0,-1
L1,Hypertracing_compress,syscall_benchmark,getcpu_0_2500,1282127,VMCALL,0,0,-1
L1,Hypertracing_compress,syscall_benchmark,getcpu_0_2500,1330487,VMCALL,0,0,-1
L1,Hypertracing_compress,syscall_benchmark,getcpu_0_2500,1214233,VMCALL,0,0,-1
L1,Hypertracing_compress,syscall_benchmark,getcpu_0_2500,1286048,VMCALL,0,0,-1
L1,Hypertracing_compress,syscall_benchmark,getcpu_1_2500,3607042,VMCALL,0,0,-1
L1,Hypertracing_compress,syscall_benchmark,getcpu_1_2500,3786928,VMCALL,0,0,-1
L1,Hypertracing_compress,syscall_benchmark,getcpu_1_2500,3624171,VMCALL,0,0,-1
L1,Hypertracing_compress,syscall_benchmark,getcpu_1_2500,3666480,VMCALL,0,0,-1
L1,Hypertracing_compress,syscall_benchmark,getcpu_1_2500,3767217,VMCALL,0,0,-1
L1,Hypertracing_compress,syscall_benchmark,getcpu_1_2500,3713588,VMCALL,0,0,-1
L1,Hypertracing_compress,syscall_benchmark,getcpu_1_2500,3669888,VMCALL,0,0,-1
L1,Hypertracing_compress,syscall_benchmark,getcpu_1_2500,3687386,VMCALL,0,0,-1
L1,Hypertracing_compress,syscall_benchmark,getcpu_1_2500,3626022,VMCALL,0,0,-1
L1,Hypertracing_compress,syscall_benchmark,getcpu_1_2500,3706881,VMCALL,0,0,-1
L1,Hypertracing_compress,syscall_benchmark,getcpu_1_2500,3727320,VMCALL,0,0,-1
L1,Hypertracing_compress,syscall_benchmark,getcpu_1_2500,3597651,VMCALL,0,0,-1
L1,Hypertracing_compress,syscall_benchmark,getcpu_1_2500,3668985,VMCALL,0,0,-1
L1,Hypertracing_compress,syscall_benchmark,getcpu_1_2500,3670619,VMCALL,0,0,-1
L1,Hypertracing_compress,syscall_benchmark,getcpu_1_2500,3723926,VMCALL,0,0,-1
L1,Hypertracing_compress,syscall_benchmark,getcpu_1_2500,3668828,VMCALL,0,0,-1
L1,Hypertracing_compress,syscall_benchmark,getcpu_1_2500,3685220,VMCALL,0,0,-1
L1,Hypertracing_compress,syscall_benchmark,getcpu_1_2500,3765189,VMCALL,0,0,-1
L1,Hypertracing_compress,syscall_benchmark,getcpu_1_2500,3686797,VMCALL,0,0,-1
L1,Hypertracing_compress,syscall_benchmark,getcpu_1_2500,3664837,VMCALL,0,0,-1
L1,Hypertracing_compress,syscall_benchmark,getcpu_1_2500,3620496,VMCALL,0,0,-1
L1,Hypertracing_compress,syscall_benchmark,getcpu_1_2500,3664170,VMCALL,0,0,-1
L1,Hypertracing_compress,syscall_benchmark,getcpu_1_2500,3680441,VMCALL,0,0,-1
L1,Hypertracing_compress,syscall_benchmark,getcpu_1_2500,3743457,VMCALL,0,0,-1
L1,Hypertracing_compress,syscall_benchmark,getcpu_1_2500,3693764,VMCALL,0,0,-1
L1,Hypertracing_compress,syscall_benchmark,getcpu_1_2500,3680667,VMCALL,0,0,-1
L1,Hypertracing_compress,syscall_benchmark,getcpu_1_2500,3644815,VMCALL,0,0,-1
L1,Hypertracing_compress,syscall_benchmark,getcpu_1_2500,3648001,VMCALL,0,0,-1
L1,Hypertracing_compress,syscall_benchmark,getcpu_1_2500,3642291,VMCALL,0,0,-1
L1,Hypertracing_compress,syscall_benchmark,getcpu_1_2500,3686138,VMCALL,0,0,-1
L1,Hypertracing_compress,syscall_benchmark,getcpu_5_2500,13260636,VMCALL,0,0,-1
L1,Hypertracing_compress,syscall_benchmark,getcpu_5_2500,13235872,VMCALL,0,0,-1
L1,Hypertracing_compress,syscall_benchmark,getcpu_5_2500,13264003,VMCALL,0,0,-1
L1,Hypertracing_compress,syscall_benchmark,getcpu_5_2500,13285422,VMCALL,0,0,-1
L1,Hypertracing_compress,syscall_benchmark,getcpu_5_2500,12995302,VMCALL,0,0,-1
L1,Hypertracing_compress,syscall_benchmark,getcpu_5_2500,13327252,VMCALL,0,0,-1
L1,Hypertracing_compress,syscall_benchmark,getcpu_5_2500,13229520,VMCALL,0,0,-1
L1,Hypertracing_compress,syscall_benchmark,getcpu_5_2500,13740418,VMCALL,0,0,-1
L1,Hypertracing_compress,syscall_benchmark,getcpu_5_2500,13092976,VMCALL,0,0,-1
L1,Hypertracing_compress,syscall_benchmark,getcpu_5_2500,13174978,VMCALL,0,0,-1
L1,Hypertracing_compress,syscall_benchmark,getcpu_5_2500,13209935,VMCALL,0,0,-1
L1,Hypertracing_compress,syscall_benchmark,getcpu_5_2500,13180398,VMCALL,0,0,-1
L1,Hypertracing_compress,syscall_benchmark,getcpu_5_2500,13177000,VMCALL,0,0,-1
L1,Hypertracing_compress,syscall_benchmark,getcpu_5_2500,13210774,VMCALL,0,0,-1
L1,Hypertracing_compress,syscall_benchmark,getcpu_5_2500,13068934,VMCALL,0,0,-1
L1,Hypertracing_compress,syscall_benchmark,getcpu_5_2500,13120446,VMCALL,0,0,-1
L1,Hypertracing_compress,syscall_benchmark,getcpu_5_2500,13235135,VMCALL,0,0,-1
L1,Hypertracing_compress,syscall_benchmark,getcpu_5_2500,13457279,VMCALL,0,0,-1
L1,Hypertracing_compress,syscall_benchmark,getcpu_5_2500,13294801,VMCALL,0,0,-1
L1,Hypertracing_compress,syscall_benchmark,getcpu_5_2500,13581338,VMCALL,0,0,-1
L1,Hypertracing_compress,syscall_benchmark,getcpu_5_2500,13326153,VMCALL,0,0,-1
L1,Hypertracing_compress,syscall_benchmark,getcpu_5_2500,13321354,VMCALL,0,0,-1
L1,Hypertracing_compress,syscall_benchmark,getcpu_5_2500,13230261,VMCALL,0,0,-1
L1,Hypertracing_compress,syscall_benchmark,getcpu_5_2500,13707018,VMCALL,0,0,-1
L1,Hypertracing_compress,syscall_benchmark,getcpu_5_2500,13219652,VMCALL,0,0,-1
L1,Hypertracing_compress,syscall_benchmark,getcpu_5_2500,13338511,VMCALL,0,0,-1
L1,Hypertracing_compress,syscall_benchmark,getcpu_5_2500,13778398,VMCALL,0,0,-1
L1,Hypertracing_compress,syscall_benchmark,getcpu_5_2500,13126423,VMCALL,0,0,-1
L1,Hypertracing_compress,syscall_benchmark,getcpu_5_2500,13162403,VMCALL,0,0,-1
L1,Hypertracing_compress,syscall_benchmark,getcpu_5_2500,13281721,VMCALL,0,0,-1

L1,Ftrace,syscall_benchmark,getcpu_10_2500,24347838,VMCALL,0,0,-1
L1,Ftrace,syscall_benchmark,getcpu_10_2500,24144672,VMCALL,0,0,-1
L1,Ftrace,syscall_benchmark,getcpu_10_2500,24184901,VMCALL,0,0,-1
L1,Ftrace,syscall_benchmark,getcpu_10_2500,24315889,VMCALL,0,0,-1
L1,Ftrace,syscall_benchmark,getcpu_10_2500,24298280,VMCALL,0,0,-1
L1,Ftrace,syscall_benchmark,getcpu_10_2500,24246025,VMCALL,0,0,-1
L1,Ftrace,syscall_benchmark,getcpu_10_2500,24694895,VMCALL,0,0,-1
L1,Ftrace,syscall_benchmark,getcpu_10_2500,24160584,VMCALL,0,0,-1
L1,Ftrace,syscall_benchmark,getcpu_10_2500,24302873,VMCALL,0,0,-1
L1,Ftrace,syscall_benchmark,getcpu_10_2500,24347582,VMCALL,0,0,-1
L1,Ftrace,syscall_benchmark,getcpu_10_2500,24702748,VMCALL,0,0,-1
L1,Ftrace,syscall_benchmark,getcpu_10_2500,24258025,VMCALL,0,0,-1
L1,Ftrace,syscall_benchmark,getcpu_10_2500,24251770,VMCALL,0,0,-1
L1,Ftrace,syscall_benchmark,getcpu_10_2500,24606911,VMCALL,0,0,-1
L1,Ftrace,syscall_benchmark,getcpu_10_2500,24485192,VMCALL,0,0,-1
L1,Ftrace,syscall_benchmark,getcpu_10_2500,24397271,VMCALL,0,0,-1
L1,Ftrace,syscall_benchmark,getcpu_10_2500,24465044,VMCALL,0,0,-1
L1,Ftrace,syscall_benchmark,getcpu_10_2500,24461591,VMCALL,0,0,-1
L1,Ftrace,syscall_benchmark,getcpu_10_2500,24504514,VMCALL,0,0,-1
L1,Ftrace,syscall_benchmark,getcpu_10_2500,24118073,VMCALL,0,0,-1
L1,Ftrace,syscall_benchmark,getcpu_10_2500,24344066,VMCALL,0,0,-1
L1,Ftrace,syscall_benchmark,getcpu_10_2500,24624421,VMCALL,0,0,-1
L1,Ftrace,syscall_benchmark,getcpu_10_2500,24337928,VMCALL,0,0,-1
L1,Ftrace,syscall_benchmark,getcpu_10_2500,24458698,VMCALL,0,0,-1
L1,Ftrace,syscall_benchmark,getcpu_10_2500,24200707,VMCALL,0,0,-1
L1,Ftrace,syscall_benchmark,getcpu_10_2500,25548746,VMCALL,0,0,-1
L1,Ftrace,syscall_benchmark,getcpu_10_2500,24525323,VMCALL,0,0,-1
L1,Ftrace,syscall_benchmark,getcpu_10_2500,25013175,VMCALL,0,0,-1
L1,Ftrace,syscall_benchmark,getcpu_10_2500,24495449,VMCALL,0,0,-1
L1,Ftrace,syscall_benchmark,getcpu_10_2500,24192928,VMCALL,0,0,-1
L1,Hypertracing_compress,syscall_benchmark,getcpu_10_2500,25030416,VMCALL,0,0,-1
L1,Hypertracing_compress,syscall_benchmark,getcpu_10_2500,26120827,VMCALL,0,0,-1
L1,Hypertracing_compress,syscall_benchmark,getcpu_10_2500,25425803,VMCALL,0,0,-1
L1,Hypertracing_compress,syscall_benchmark,getcpu_10_2500,24880556,VMCALL,0,0,-1
L1,Hypertracing_compress,syscall_benchmark,getcpu_10_2500,25748132,VMCALL,0,0,-1
L1,Hypertracing_compress,syscall_benchmark,getcpu_10_2500,25157097,VMCALL,0,0,-1
L1,Hypertracing_compress,syscall_benchmark,getcpu_10_2500,25410909,VMCALL,0,0,-1
L1,Hypertracing_compress,syscall_benchmark,getcpu_10_2500,24996266,VMCALL,0,0,-1
L1,Hypertracing_compress,syscall_benchmark,getcpu_10_2500,24917404,VMCALL,0,0,-1
L1,Hypertracing_compress,syscall_benchmark,getcpu_10_2500,25450695,VMCALL,0,0,-1
L1,Hypertracing_compress,syscall_benchmark,getcpu_10_2500,25176577,VMCALL,0,0,-1
L1,Hypertracing_compress,syscall_benchmark,getcpu_10_2500,25180033,VMCALL,0,0,-1
L1,Hypertracing_compress,syscall_benchmark,getcpu_10_2500,24984811,VMCALL,0,0,-1
L1,Hypertracing_compress,syscall_benchmark,getcpu_10_2500,24910018,VMCALL,0,0,-1
L1,Hypertracing_compress,syscall_benchmark,getcpu_10_2500,25234868,VMCALL,0,0,-1
L1,Hypertracing_compress,syscall_benchmark,getcpu_10_2500,25064134,VMCALL,0,0,-1
L1,Hypertracing_compress,syscall_benchmark,getcpu_10_2500,24947943,VMCALL,0,0,-1
L1,Hypertracing_compress,syscall_benchmark,getcpu_10_2500,25340560,VMCALL,0,0,-1
L1,Hypertracing_compress,syscall_benchmark,getcpu_10_2500,25123739,VMCALL,0,0,-1
L1,Hypertracing_compress,syscall_benchmark,getcpu_10_2500,26140231,VMCALL,0,0,-1
L1,Hypertracing_compress,syscall_benchmark,getcpu_10_2500,25158871,VMCALL,0,0,-1
L1,Hypertracing_compress,syscall_benchmark,getcpu_10_2500,25049832,VMCALL,0,0,-1
L1,Hypertracing_compress,syscall_benchmark,getcpu_10_2500,24903047,VMCALL,0,0,-1
L1,Hypertracing_compress,syscall_benchmark,getcpu_10_2500,25326556,VMCALL,0,0,-1
L1,Hypertracing_compress,syscall_benchmark,getcpu_10_2500,25334148,VMCALL,0,0,-1
L1,Hypertracing_compress,syscall_benchmark,getcpu_10_2500,25172525,VMCALL,0,0,-1
L1,Hypertracing_compress,syscall_benchmark,getcpu_10_2500,25257692,VMCALL,0,0,-1
L1,Hypertracing_compress,syscall_benchmark,getcpu_10_2500,24934626,VMCALL,0,0,-1
L1,Hypertracing_compress,syscall_benchmark,getcpu_10_2500,25326520,VMCALL,0,0,-1
L1,Hypertracing_compress,syscall_benchmark,getcpu_10_2500,25089072,VMCALL,0,0,-1
L1,Hypertracing,syscall_benchmark,getcpu_10_2500,26284205,VMCALL,0,0,-1
L1,Hypertracing,syscall_benchmark,getcpu_10_2500,27202945,VMCALL,0,0,-1
L1,Hypertracing,syscall_benchmark,getcpu_10_2500,26252422,VMCALL,0,0,-1
L1,Hypertracing,syscall_benchmark,getcpu_10_2500,26137653,VMCALL,0,0,-1
L1,Hypertracing,syscall_benchmark,getcpu_10_2500,26036745,VMCALL,0,0,-1
L1,Hypertracing,syscall_benchmark,getcpu_10_2500,26125608,VMCALL,0,0,-1
L1,Hypertracing,syscall_benchmark,getcpu_10_2500,25882319,VMCALL,0,0,-1
L1,Hypertracing,syscall_benchmark,getcpu_10_2500,25810483,VMCALL,0,0,-1
L1,Hypertracing,syscall_benchmark,getcpu_10_2500,25887344,VMCALL,0,0,-1
L1,Hypertracing,syscall_benchmark,getcpu_10_2500,26198162,VMCALL,0,0,-1
L1,Hypertracing,syscall_benchmark,getcpu_10_2500,25778935,VMCALL,0,0,-1
L1,Hypertracing,syscall_benchmark,getcpu_10_2500,26147721,VMCALL,0,0,-1
L1,Hypertracing,syscall_benchmark,getcpu_10_2500,26078607,VMCALL,0,0,-1
L1,Hypertracing,syscall_benchmark,getcpu_10_2500,26600722,VMCALL,0,0,-1
L1,Hypertracing,syscall_benchmark,getcpu_10_2500,25616301,VMCALL,0,0,-1
L1,Hypertracing,syscall_benchmark,getcpu_10_2500,27122034,VMCALL,0,0,-1
L1,Hypertracing,syscall_benchmark,getcpu_10_2500,26148454,VMCALL,0,0,-1
L1,Hypertracing,syscall_benchmark,getcpu_10_2500,26175733,VMCALL,0,0,-1
L1,Hypertracing,syscall_benchmark,getcpu_10_2500,26773511,VMCALL,0,0,-1
L1,Hypertracing,syscall_benchmark,getcpu_10_2500,25963643,VMCALL,0,0,-1
L1,Hypertracing,syscall_benchmark,getcpu_10_2500,26937597,VMCALL,0,0,-1
L1,Hypertracing,syscall_benchmark,getcpu_10_2500,25784555,VMCALL,0,0,-1
L1,Hypertracing,syscall_benchmark,getcpu_10_2500,26327466,VMCALL,0,0,-1
L1,Hypertracing,syscall_benchmark,getcpu_10_2500,26198256,VMCALL,0,0,-1
L1,Hypertracing,syscall_benchmark,getcpu_10_2500,26045876,VMCALL,0,0,-1
L1,Hypertracing,syscall_benchmark,getcpu_10_2500,25957117,VMCALL,0,0,-1
L1,Hypertracing,syscall_benchmark,getcpu_10_2500,27077115,VMCALL,0,0,-1
L1,Hypertracing,syscall_benchmark,getcpu_10_2500,27054841,VMCALL,0,0,-1
L1,Hypertracing,syscall_benchmark,getcpu_10_2500,26135348,VMCALL,0,0,-1
L1,Hypertracing,syscall_benchmark,getcpu_10_2500,26314118,VMCALL,0,0,-1
L1,Lttng,syscall_benchmark,getcpu_10_2500,25386775,VMCALL,0,0,-1
L1,Lttng,syscall_benchmark,getcpu_10_2500,25444886,VMCALL,0,0,-1
L1,Lttng,syscall_benchmark,getcpu_10_2500,25266687,VMCALL,0,0,-1
L1,Lttng,syscall_benchmark,getcpu_10_2500,25361217,VMCALL,0,0,-1
L1,Lttng,syscall_benchmark,getcpu_10_2500,25872664,VMCALL,0,0,-1
L1,Lttng,syscall_benchmark,getcpu_10_2500,25682205,VMCALL,0,0,-1
L1,Lttng,syscall_benchmark,getcpu_10_2500,25338344,VMCALL,0,0,-1
L1,Lttng,syscall_benchmark,getcpu_10_2500,24834532,VMCALL,0,0,-1
L1,Lttng,syscall_benchmark,getcpu_10_2500,24915684,VMCALL,0,0,-1
L1,Lttng,syscall_benchmark,getcpu_10_2500,25606643,VMCALL,0,0,-1
L1,Lttng,syscall_benchmark,getcpu_10_2500,25877390,VMCALL,0,0,-1
L1,Lttng,syscall_benchmark,getcpu_10_2500,24729833,VMCALL,0,0,-1
L1,Lttng,syscall_benchmark,getcpu_10_2500,24800316,VMCALL,0,0,-1
L1,Lttng,syscall_benchmark,getcpu_10_2500,25217930,VMCALL,0,0,-1
L1,Lttng,syscall_benchmark,getcpu_10_2500,25756067,VMCALL,0,0,-1
L1,Lttng,syscall_benchmark,getcpu_10_2500,25831195,VMCALL,0,0,-1
L1,Lttng,syscall_benchmark,getcpu_10_2500,26842481,VMCALL,0,0,-1
L1,Lttng,syscall_benchmark,getcpu_10_2500,25393960,VMCALL,0,0,-1
L1,Lttng,syscall_benchmark,getcpu_10_2500,25848522,VMCALL,0,0,-1
L1,Lttng,syscall_benchmark,getcpu_10_2500,25602790,VMCALL,0,0,-1
L1,Lttng,syscall_benchmark,getcpu_10_2500,25407169,VMCALL,0,0,-1
L1,Lttng,syscall_benchmark,getcpu_10_2500,25416760,VMCALL,0,0,-1
L1,Lttng,syscall_benchmark,getcpu_10_2500,25516952,VMCALL,0,0,-1
L1,Lttng,syscall_benchmark,getcpu_10_2500,24616946,VMCALL,0,0,-1
L1,Lttng,syscall_benchmark,getcpu_10_2500,25592543,VMCALL,0,0,-1
L1,Lttng,syscall_benchmark,getcpu_10_2500,25308071,VMCALL,0,0,-1
L1,Lttng,syscall_benchmark,getcpu_10_2500,25450983,VMCALL,0,0,-1
L1,Lttng,syscall_benchmark,getcpu_10_2500,25602773,VMCALL,0,0,-1
L1,Lttng,syscall_benchmark,getcpu_10_2500,25517057,VMCALL,0,0,-1
L1,Lttng,syscall_benchmark,getcpu_10_2500,25347912,VMCALL,0,0,-1
L1,None,syscall_benchmark,getcpu_10_2500,24542132,VMCALL,0,0,-1
L1,None,syscall_benchmark,getcpu_10_2500,24200491,VMCALL,0,0,-1
L1,None,syscall_benchmark,getcpu_10_2500,24352221,VMCALL,0,0,-1
L1,None,syscall_benchmark,getcpu_10_2500,23890558,VMCALL,0,0,-1
L1,None,syscall_benchmark,getcpu_10_2500,24347248,VMCALL,0,0,-1
L1,None,syscall_benchmark,getcpu_10_2500,24812478,VMCALL,0,0,-1
L1,None,syscall_benchmark,getcpu_10_2500,24531051,VMCALL,0,0,-1
L1,None,syscall_benchmark,getcpu_10_2500,24536665,VMCALL,0,0,-1
L1,None,syscall_benchmark,getcpu_10_2500,24772360,VMCALL,0,0,-1
L1,None,syscall_benchmark,getcpu_10_2500,23829785,VMCALL,0,0,-1
L1,None,syscall_benchmark,getcpu_10_2500,24107540,VMCALL,0,0,-1
L1,None,syscall_benchmark,getcpu_10_2500,24627015,VMCALL,0,0,-1
L1,None,syscall_benchmark,getcpu_10_2500,24020927,VMCALL,0,0,-1
L1,None,syscall_benchmark,getcpu_10_2500,24114538,VMCALL,0,0,-1
L1,None,syscall_benchmark,getcpu_10_2500,24327732,VMCALL,0,0,-1
L1,None,syscall_benchmark,getcpu_10_2500,23961645,VMCALL,0,0,-1
L1,None,syscall_benchmark,getcpu_10_2500,24521194,VMCALL,0,0,-1
L1,None,syscall_benchmark,getcpu_10_2500,24170777,VMCALL,0,0,-1
L1,None,syscall_benchmark,getcpu_10_2500,24915203,VMCALL,0,0,-1
L1,None,syscall_benchmark,getcpu_10_2500,24131793,VMCALL,0,0,-1
L1,None,syscall_benchmark,getcpu_10_2500,24179808,VMCALL,0,0,-1
L1,None,syscall_benchmark,getcpu_10_2500,24467724,VMCALL,0,0,-1
L1,None,syscall_benchmark,getcpu_10_2500,24011204,VMCALL,0,0,-1
L1,None,syscall_benchmark,getcpu_10_2500,24957660,VMCALL,0,0,-1
L1,None,syscall_benchmark,getcpu_10_2500,24088104,VMCALL,0,0,-1
L1,None,syscall_benchmark,getcpu_10_2500,24351749,VMCALL,0,0,-1
L1,None,syscall_benchmark,getcpu_10_2500,24798109,VMCALL,0,0,-1
L1,None,syscall_benchmark,getcpu_10_2500,25248543,VMCALL,0,0,-1
L1,None,syscall_benchmark,getcpu_10_2500,24360352,VMCALL,0,0,-1
L1,None,syscall_benchmark,getcpu_10_2500,24228753,VMCALL,0,0,-1
L1,Perf,syscall_benchmark,getcpu_10_2500,25037456,VMCALL,0,0,-1
L1,Perf,syscall_benchmark,getcpu_10_2500,25266591,VMCALL,0,0,-1
L1,Perf,syscall_benchmark,getcpu_10_2500,25092233,VMCALL,0,0,-1
L1,Perf,syscall_benchmark,getcpu_10_2500,25108910,VMCALL,0,0,-1
L1,Perf,syscall_benchmark,getcpu_10_2500,24944324,VMCALL,0,0,-1
L1,Perf,syscall_benchmark,getcpu_10_2500,25251276,VMCALL,0,0,-1
L1,Perf,syscall_benchmark,getcpu_10_2500,25172379,VMCALL,0,0,-1
L1,Perf,syscall_benchmark,getcpu_10_2500,25207570,VMCALL,0,0,-1
L1,Perf,syscall_benchmark,getcpu_10_2500,25051209,VMCALL,0,0,-1
L1,Perf,syscall_benchmark,getcpu_10_2500,24975411,VMCALL,0,0,-1
L1,Perf,syscall_benchmark,getcpu_10_2500,24928582,VMCALL,0,0,-1
L1,Perf,syscall_benchmark,getcpu_10_2500,24915866,VMCALL,0,0,-1
L1,Perf,syscall_benchmark,getcpu_10_2500,25860086,VMCALL,0,0,-1
L1,Perf,syscall_benchmark,getcpu_10_2500,24904149,VMCALL,0,0,-1
L1,Perf,syscall_benchmark,getcpu_10_2500,25013368,VMCALL,0,0,-1
L1,Perf,syscall_benchmark,getcpu_10_2500,25344256,VMCALL,0,0,-1
L1,Perf,syscall_benchmark,getcpu_10_2500,24993119,VMCALL,0,0,-1
L1,Perf,syscall_benchmark,getcpu_10_2500,25220228,VMCALL,0,0,-1
L1,Perf,syscall_benchmark,getcpu_10_2500,24890866,VMCALL,0,0,-1
L1,Perf,syscall_benchmark,getcpu_10_2500,25247578,VMCALL,0,0,-1
L1,Perf,syscall_benchmark,getcpu_10_2500,24935551,VMCALL,0,0,-1
L1,Perf,syscall_benchmark,getcpu_10_2500,25035143,VMCALL,0,0,-1
L1,Perf,syscall_benchmark,getcpu_10_2500,25002221,VMCALL,0,0,-1
L1,Perf,syscall_benchmark,getcpu_10_2500,25018675,VMCALL,0,0,-1
L1,Perf,syscall_benchmark,getcpu_10_2500,25351865,VMCALL,0,0,-1
L1,Perf,syscall_benchmark,getcpu_10_2500,25193290,VMCALL,0,0,-1
L1,Perf,syscall_benchmark,getcpu_10_2500,25200521,VMCALL,0,0,-1
L1,Perf,syscall_benchmark,getcpu_10_2500,25121738,VMCALL,0,0,-1
L1,Perf,syscall_benchmark,getcpu_10_2500,25030806,VMCALL,0,0,-1
L1,Perf,syscall_benchmark,getcpu_10_2500,25189592,VMCALL,0,0,-1


L2,Ftrace,syscall_benchmark,getcpu_0_2500,653992,VMCALL,0,0,-1
L2,Ftrace,syscall_benchmark,getcpu_0_2500,459574,VMCALL,0,0,-1
L2,Ftrace,syscall_benchmark,getcpu_0_2500,435877,VMCALL,0,0,-1
L2,Ftrace,syscall_benchmark,getcpu_0_2500,470285,VMCALL,0,0,-1
L2,Ftrace,syscall_benchmark,getcpu_0_2500,460658,VMCALL,0,0,-1
L2,Ftrace,syscall_benchmark,getcpu_0_2500,459959,VMCALL,0,0,-1
L2,Ftrace,syscall_benchmark,getcpu_0_2500,457136,VMCALL,0,0,-1
L2,Ftrace,syscall_benchmark,getcpu_0_2500,460424,VMCALL,0,0,-1
L2,Ftrace,syscall_benchmark,getcpu_0_2500,500421,VMCALL,0,0,-1
L2,Ftrace,syscall_benchmark,getcpu_0_2500,461594,VMCALL,0,0,-1
L2,Ftrace,syscall_benchmark,getcpu_0_2500,461676,VMCALL,0,0,-1
L2,Ftrace,syscall_benchmark,getcpu_0_2500,437476,VMCALL,0,0,-1
L2,Ftrace,syscall_benchmark,getcpu_0_2500,441026,VMCALL,0,0,-1
L2,Ftrace,syscall_benchmark,getcpu_0_2500,438904,VMCALL,0,0,-1
L2,Ftrace,syscall_benchmark,getcpu_0_2500,443908,VMCALL,0,0,-1
L2,Ftrace,syscall_benchmark,getcpu_0_2500,458937,VMCALL,0,0,-1
L2,Ftrace,syscall_benchmark,getcpu_0_2500,593913,VMCALL,0,0,-1
L2,Ftrace,syscall_benchmark,getcpu_0_2500,478052,VMCALL,0,0,-1
L2,Ftrace,syscall_benchmark,getcpu_0_2500,450461,VMCALL,0,0,-1
L2,Ftrace,syscall_benchmark,getcpu_0_2500,514871,VMCALL,0,0,-1
L2,Ftrace,syscall_benchmark,getcpu_0_2500,467434,VMCALL,0,0,-1
L2,Ftrace,syscall_benchmark,getcpu_0_2500,460613,VMCALL,0,0,-1
L2,Ftrace,syscall_benchmark,getcpu_0_2500,459981,VMCALL,0,0,-1
L2,Ftrace,syscall_benchmark,getcpu_0_2500,458725,VMCALL,0,0,-1
L2,Ftrace,syscall_benchmark,getcpu_0_2500,479242,VMCALL,0,0,-1
L2,Ftrace,syscall_benchmark,getcpu_0_2500,499188,VMCALL,0,0,-1
L2,Ftrace,syscall_benchmark,getcpu_0_2500,439733,VMCALL,0,0,-1
L2,Ftrace,syscall_benchmark,getcpu_0_2500,560887,VMCALL,0,0,-1
L2,Ftrace,syscall_benchmark,getcpu_0_2500,461507,VMCALL,0,0,-1
L2,Ftrace,syscall_benchmark,getcpu_0_2500,471184,VMCALL,0,0,-1
L2,Ftrace,syscall_benchmark,getcpu_10_2500,25428826,VMCALL,0,0,-1
L2,Ftrace,syscall_benchmark,getcpu_10_2500,24437143,VMCALL,0,0,-1
L2,Ftrace,syscall_benchmark,getcpu_10_2500,24805200,VMCALL,0,0,-1
L2,Ftrace,syscall_benchmark,getcpu_10_2500,24422633,VMCALL,0,0,-1
L2,Ftrace,syscall_benchmark,getcpu_10_2500,25540886,VMCALL,0,0,-1
L2,Ftrace,syscall_benchmark,getcpu_10_2500,24753509,VMCALL,0,0,-1
L2,Ftrace,syscall_benchmark,getcpu_10_2500,25438808,VMCALL,0,0,-1
L2,Ftrace,syscall_benchmark,getcpu_10_2500,25376615,VMCALL,0,0,-1
L2,Ftrace,syscall_benchmark,getcpu_10_2500,24823994,VMCALL,0,0,-1
L2,Ftrace,syscall_benchmark,getcpu_10_2500,24406715,VMCALL,0,0,-1
L2,Ftrace,syscall_benchmark,getcpu_10_2500,24374186,VMCALL,0,0,-1
L2,Ftrace,syscall_benchmark,getcpu_10_2500,24573326,VMCALL,0,0,-1
L2,Ftrace,syscall_benchmark,getcpu_10_2500,24381656,VMCALL,0,0,-1
L2,Ftrace,syscall_benchmark,getcpu_10_2500,24664653,VMCALL,0,0,-1
L2,Ftrace,syscall_benchmark,getcpu_10_2500,24461828,VMCALL,0,0,-1
L2,Ftrace,syscall_benchmark,getcpu_10_2500,24075315,VMCALL,0,0,-1
L2,Ftrace,syscall_benchmark,getcpu_10_2500,24813836,VMCALL,0,0,-1
L2,Ftrace,syscall_benchmark,getcpu_10_2500,35152439,VMCALL,0,0,-1
L2,Ftrace,syscall_benchmark,getcpu_10_2500,25132330,VMCALL,0,0,-1
L2,Ftrace,syscall_benchmark,getcpu_10_2500,49323257,VMCALL,0,0,-1
L2,Ftrace,syscall_benchmark,getcpu_10_2500,25230575,VMCALL,0,0,-1
L2,Ftrace,syscall_benchmark,getcpu_10_2500,24638981,VMCALL,0,0,-1
L2,Ftrace,syscall_benchmark,getcpu_10_2500,39758378,VMCALL,0,0,-1
L2,Ftrace,syscall_benchmark,getcpu_10_2500,24646908,VMCALL,0,0,-1
L2,Ftrace,syscall_benchmark,getcpu_10_2500,44415016,VMCALL,0,0,-1
L2,Ftrace,syscall_benchmark,getcpu_10_2500,24669419,VMCALL,0,0,-1
L2,Ftrace,syscall_benchmark,getcpu_10_2500,25225543,VMCALL,0,0,-1
L2,Ftrace,syscall_benchmark,getcpu_10_2500,24723855,VMCALL,0,0,-1
L2,Ftrace,syscall_benchmark,getcpu_10_2500,24570740,VMCALL,0,0,-1
L2,Ftrace,syscall_benchmark,getcpu_10_2500,24547974,VMCALL,0,0,-1
L2,Ftrace,syscall_benchmark,getcpu_5_2500,12499841,VMCALL,0,0,-1
L2,Ftrace,syscall_benchmark,getcpu_5_2500,12674633,VMCALL,0,0,-1
L2,Ftrace,syscall_benchmark,getcpu_5_2500,12624650,VMCALL,0,0,-1
L2,Ftrace,syscall_benchmark,getcpu_5_2500,12516450,VMCALL,0,0,-1
L2,Ftrace,syscall_benchmark,getcpu_5_2500,12422683,VMCALL,0,0,-1
L2,Ftrace,syscall_benchmark,getcpu_5_2500,12625761,VMCALL,0,0,-1
L2,Ftrace,syscall_benchmark,getcpu_5_2500,12493298,VMCALL,0,0,-1
L2,Ftrace,syscall_benchmark,getcpu_5_2500,12887628,VMCALL,0,0,-1
L2,Ftrace,syscall_benchmark,getcpu_5_2500,12576146,VMCALL,0,0,-1
L2,Ftrace,syscall_benchmark,getcpu_5_2500,12432724,VMCALL,0,0,-1
L2,Ftrace,syscall_benchmark,getcpu_5_2500,12534665,VMCALL,0,0,-1
L2,Ftrace,syscall_benchmark,getcpu_5_2500,12487511,VMCALL,0,0,-1
L2,Ftrace,syscall_benchmark,getcpu_5_2500,12711382,VMCALL,0,0,-1
L2,Ftrace,syscall_benchmark,getcpu_5_2500,12554062,VMCALL,0,0,-1
L2,Ftrace,syscall_benchmark,getcpu_5_2500,12438261,VMCALL,0,0,-1
L2,Ftrace,syscall_benchmark,getcpu_5_2500,12378794,VMCALL,0,0,-1
L2,Ftrace,syscall_benchmark,getcpu_5_2500,13359088,VMCALL,0,0,-1
L2,Ftrace,syscall_benchmark,getcpu_5_2500,12817243,VMCALL,0,0,-1
L2,Ftrace,syscall_benchmark,getcpu_5_2500,13011232,VMCALL,0,0,-1
L2,Ftrace,syscall_benchmark,getcpu_5_2500,12832639,VMCALL,0,0,-1
L2,Ftrace,syscall_benchmark,getcpu_5_2500,12434672,VMCALL,0,0,-1
L2,Ftrace,syscall_benchmark,getcpu_5_2500,12548243,VMCALL,0,0,-1
L2,Ftrace,syscall_benchmark,getcpu_5_2500,19096575,VMCALL,0,0,-1
L2,Ftrace,syscall_benchmark,getcpu_5_2500,12399036,VMCALL,0,0,-1
L2,Ftrace,syscall_benchmark,getcpu_5_2500,12462079,VMCALL,0,0,-1
L2,Ftrace,syscall_benchmark,getcpu_5_2500,12506855,VMCALL,0,0,-1
L2,Ftrace,syscall_benchmark,getcpu_5_2500,12453775,VMCALL,0,0,-1
L2,Ftrace,syscall_benchmark,getcpu_5_2500,12626466,VMCALL,0,0,-1
L2,Ftrace,syscall_benchmark,getcpu_5_2500,17737931,VMCALL,0,0,-1
L2,Ftrace,syscall_benchmark,getcpu_5_2500,12330657,VMCALL,0,0,-1
L2,Hypertracing_compress,syscall_benchmark,getcpu_0_2500,1244654,VMCALL,0,0,-1
L2,Hypertracing_compress,syscall_benchmark,getcpu_0_2500,1248721,VMCALL,0,0,-1
L2,Hypertracing_compress,syscall_benchmark,getcpu_0_2500,1240974,VMCALL,0,0,-1
L2,Hypertracing_compress,syscall_benchmark,getcpu_0_2500,1277920,VMCALL,0,0,-1
L2,Hypertracing_compress,syscall_benchmark,getcpu_0_2500,1441445,VMCALL,0,0,-1
L2,Hypertracing_compress,syscall_benchmark,getcpu_0_2500,1233971,VMCALL,0,0,-1
L2,Hypertracing_compress,syscall_benchmark,getcpu_0_2500,1418463,VMCALL,0,0,-1
L2,Hypertracing_compress,syscall_benchmark,getcpu_0_2500,1372452,VMCALL,0,0,-1
L2,Hypertracing_compress,syscall_benchmark,getcpu_0_2500,1309941,VMCALL,0,0,-1
L2,Hypertracing_compress,syscall_benchmark,getcpu_0_2500,1254608,VMCALL,0,0,-1
L2,Hypertracing_compress,syscall_benchmark,getcpu_0_2500,1337072,VMCALL,0,0,-1
L2,Hypertracing_compress,syscall_benchmark,getcpu_0_2500,1266158,VMCALL,0,0,-1
L2,Hypertracing_compress,syscall_benchmark,getcpu_0_2500,1306533,VMCALL,0,0,-1
L2,Hypertracing_compress,syscall_benchmark,getcpu_0_2500,1314441,VMCALL,0,0,-1
L2,Hypertracing_compress,syscall_benchmark,getcpu_0_2500,1242058,VMCALL,0,0,-1
L2,Hypertracing_compress,syscall_benchmark,getcpu_0_2500,1277937,VMCALL,0,0,-1
L2,Hypertracing_compress,syscall_benchmark,getcpu_0_2500,1314888,VMCALL,0,0,-1
L2,Hypertracing_compress,syscall_benchmark,getcpu_0_2500,1422748,VMCALL,0,0,-1
L2,Hypertracing_compress,syscall_benchmark,getcpu_0_2500,1312706,VMCALL,0,0,-1
L2,Hypertracing_compress,syscall_benchmark,getcpu_0_2500,1293156,VMCALL,0,0,-1
L2,Hypertracing_compress,syscall_benchmark,getcpu_0_2500,1235304,VMCALL,0,0,-1
L2,Hypertracing_compress,syscall_benchmark,getcpu_0_2500,1241477,VMCALL,0,0,-1
L2,Hypertracing_compress,syscall_benchmark,getcpu_0_2500,1296920,VMCALL,0,0,-1
L2,Hypertracing_compress,syscall_benchmark,getcpu_0_2500,1641410,VMCALL,0,0,-1
L2,Hypertracing_compress,syscall_benchmark,getcpu_0_2500,1237926,VMCALL,0,0,-1
L2,Hypertracing_compress,syscall_benchmark,getcpu_0_2500,1253766,VMCALL,0,0,-1
L2,Hypertracing_compress,syscall_benchmark,getcpu_0_2500,1241616,VMCALL,0,0,-1
L2,Hypertracing_compress,syscall_benchmark,getcpu_0_2500,1304889,VMCALL,0,0,-1
L2,Hypertracing_compress,syscall_benchmark,getcpu_0_2500,1270716,VMCALL,0,0,-1
L2,Hypertracing_compress,syscall_benchmark,getcpu_0_2500,1259266,VMCALL,0,0,-1
L2,Hypertracing_compress,syscall_benchmark,getcpu_10_2500,26645335,VMCALL,0,0,-1
L2,Hypertracing_compress,syscall_benchmark,getcpu_10_2500,25475126,VMCALL,0,0,-1
L2,Hypertracing_compress,syscall_benchmark,getcpu_10_2500,26215451,VMCALL,0,0,-1
L2,Hypertracing_compress,syscall_benchmark,getcpu_10_2500,26382116,VMCALL,0,0,-1
L2,Hypertracing_compress,syscall_benchmark,getcpu_10_2500,25384690,VMCALL,0,0,-1
L2,Hypertracing_compress,syscall_benchmark,getcpu_10_2500,25398496,VMCALL,0,0,-1
L2,Hypertracing_compress,syscall_benchmark,getcpu_10_2500,25637650,VMCALL,0,0,-1
L2,Hypertracing_compress,syscall_benchmark,getcpu_10_2500,25400731,VMCALL,0,0,-1
L2,Hypertracing_compress,syscall_benchmark,getcpu_10_2500,25553315,VMCALL,0,0,-1
L2,Hypertracing_compress,syscall_benchmark,getcpu_10_2500,25242634,VMCALL,0,0,-1
L2,Hypertracing_compress,syscall_benchmark,getcpu_10_2500,25453575,VMCALL,0,0,-1
L2,Hypertracing_compress,syscall_benchmark,getcpu_10_2500,25447931,VMCALL,0,0,-1
L2,Hypertracing_compress,syscall_benchmark,getcpu_10_2500,25344162,VMCALL,0,0,-1
L2,Hypertracing_compress,syscall_benchmark,getcpu_10_2500,25600184,VMCALL,0,0,-1
L2,Hypertracing_compress,syscall_benchmark,getcpu_10_2500,25610226,VMCALL,0,0,-1
L2,Hypertracing_compress,syscall_benchmark,getcpu_10_2500,25236912,VMCALL,0,0,-1
L2,Hypertracing_compress,syscall_benchmark,getcpu_10_2500,25374842,VMCALL,0,0,-1
L2,Hypertracing_compress,syscall_benchmark,getcpu_10_2500,25507081,VMCALL,0,0,-1
L2,Hypertracing_compress,syscall_benchmark,getcpu_10_2500,25408193,VMCALL,0,0,-1
L2,Hypertracing_compress,syscall_benchmark,getcpu_10_2500,39306620,VMCALL,0,0,-1
L2,Hypertracing_compress,syscall_benchmark,getcpu_10_2500,25764382,VMCALL,0,0,-1
L2,Hypertracing_compress,syscall_benchmark,getcpu_10_2500,25451140,VMCALL,0,0,-1
L2,Hypertracing_compress,syscall_benchmark,getcpu_10_2500,25716637,VMCALL,0,0,-1
L2,Hypertracing_compress,syscall_benchmark,getcpu_10_2500,25134630,VMCALL,0,0,-1
L2,Hypertracing_compress,syscall_benchmark,getcpu_10_2500,25091608,VMCALL,0,0,-1
L2,Hypertracing_compress,syscall_benchmark,getcpu_10_2500,25600788,VMCALL,0,0,-1
L2,Hypertracing_compress,syscall_benchmark,getcpu_10_2500,25518076,VMCALL,0,0,-1
L2,Hypertracing_compress,syscall_benchmark,getcpu_10_2500,26226728,VMCALL,0,0,-1
L2,Hypertracing_compress,syscall_benchmark,getcpu_10_2500,25220996,VMCALL,0,0,-1
L2,Hypertracing_compress,syscall_benchmark,getcpu_10_2500,25482849,VMCALL,0,0,-1
L2,Hypertracing_compress,syscall_benchmark,getcpu_5_2500,13272127,VMCALL,0,0,-1
L2,Hypertracing_compress,syscall_benchmark,getcpu_5_2500,13292719,VMCALL,0,0,-1
L2,Hypertracing_compress,syscall_benchmark,getcpu_5_2500,13686627,VMCALL,0,0,-1
L2,Hypertracing_compress,syscall_benchmark,getcpu_5_2500,13237946,VMCALL,0,0,-1
L2,Hypertracing_compress,syscall_benchmark,getcpu_5_2500,13404657,VMCALL,0,0,-1
L2,Hypertracing_compress,syscall_benchmark,getcpu_5_2500,13556298,VMCALL,0,0,-1
L2,Hypertracing_compress,syscall_benchmark,getcpu_5_2500,13258829,VMCALL,0,0,-1
L2,Hypertracing_compress,syscall_benchmark,getcpu_5_2500,13201066,VMCALL,0,0,-1
L2,Hypertracing_compress,syscall_benchmark,getcpu_5_2500,13250756,VMCALL,0,0,-1
L2,Hypertracing_compress,syscall_benchmark,getcpu_5_2500,13378526,VMCALL,0,0,-1
L2,Hypertracing_compress,syscall_benchmark,getcpu_5_2500,25732476,VMCALL,0,0,-1
L2,Hypertracing_compress,syscall_benchmark,getcpu_5_2500,13165594,VMCALL,0,0,-1
L2,Hypertracing_compress,syscall_benchmark,getcpu_5_2500,13197939,VMCALL,0,0,-1
L2,Hypertracing_compress,syscall_benchmark,getcpu_5_2500,13322145,VMCALL,0,0,-1
L2,Hypertracing_compress,syscall_benchmark,getcpu_5_2500,13355537,VMCALL,0,0,-1
L2,Hypertracing_compress,syscall_benchmark,getcpu_5_2500,13328532,VMCALL,0,0,-1
L2,Hypertracing_compress,syscall_benchmark,getcpu_5_2500,13307996,VMCALL,0,0,-1
L2,Hypertracing_compress,syscall_benchmark,getcpu_5_2500,13313364,VMCALL,0,0,-1
L2,Hypertracing_compress,syscall_benchmark,getcpu_5_2500,26609705,VMCALL,0,0,-1
L2,Hypertracing_compress,syscall_benchmark,getcpu_5_2500,13241684,VMCALL,0,0,-1
L2,Hypertracing_compress,syscall_benchmark,getcpu_5_2500,13252989,VMCALL,0,0,-1
L2,Hypertracing_compress,syscall_benchmark,getcpu_5_2500,15600058,VMCALL,0,0,-1
L2,Hypertracing_compress,syscall_benchmark,getcpu_5_2500,13953283,VMCALL,0,0,-1
L2,Hypertracing_compress,syscall_benchmark,getcpu_5_2500,13239920,VMCALL,0,0,-1
L2,Hypertracing_compress,syscall_benchmark,getcpu_5_2500,13119066,VMCALL,0,0,-1
L2,Hypertracing_compress,syscall_benchmark,getcpu_5_2500,16625466,VMCALL,0,0,-1
L2,Hypertracing_compress,syscall_benchmark,getcpu_5_2500,13447207,VMCALL,0,0,-1
L2,Hypertracing_compress,syscall_benchmark,getcpu_5_2500,13365391,VMCALL,0,0,-1
L2,Hypertracing_compress,syscall_benchmark,getcpu_5_2500,13316772,VMCALL,0,0,-1
L2,Hypertracing_compress,syscall_benchmark,getcpu_5_2500,14174963,VMCALL,0,0,-1
L2,Hypertracing,syscall_benchmark,getcpu_0_2500,2297922,VMCALL,0,0,-1
L2,Hypertracing,syscall_benchmark,getcpu_0_2500,2237277,VMCALL,0,0,-1
L2,Hypertracing,syscall_benchmark,getcpu_0_2500,2287194,VMCALL,0,0,-1
L2,Hypertracing,syscall_benchmark,getcpu_0_2500,2330572,VMCALL,0,0,-1
L2,Hypertracing,syscall_benchmark,getcpu_0_2500,2230530,VMCALL,0,0,-1
L2,Hypertracing,syscall_benchmark,getcpu_0_2500,2319182,VMCALL,0,0,-1
L2,Hypertracing,syscall_benchmark,getcpu_0_2500,2332089,VMCALL,0,0,-1
L2,Hypertracing,syscall_benchmark,getcpu_0_2500,2226176,VMCALL,0,0,-1
L2,Hypertracing,syscall_benchmark,getcpu_0_2500,2223945,VMCALL,0,0,-1
L2,Hypertracing,syscall_benchmark,getcpu_0_2500,2270540,VMCALL,0,0,-1
L2,Hypertracing,syscall_benchmark,getcpu_0_2500,2237491,VMCALL,0,0,-1
L2,Hypertracing,syscall_benchmark,getcpu_0_2500,2274011,VMCALL,0,0,-1
L2,Hypertracing,syscall_benchmark,getcpu_0_2500,2351150,VMCALL,0,0,-1
L2,Hypertracing,syscall_benchmark,getcpu_0_2500,2265354,VMCALL,0,0,-1
L2,Hypertracing,syscall_benchmark,getcpu_0_2500,2490995,VMCALL,0,0,-1
L2,Hypertracing,syscall_benchmark,getcpu_0_2500,2310167,VMCALL,0,0,-1
L2,Hypertracing,syscall_benchmark,getcpu_0_2500,2273373,VMCALL,0,0,-1
L2,Hypertracing,syscall_benchmark,getcpu_0_2500,2182702,VMCALL,0,0,-1
L2,Hypertracing,syscall_benchmark,getcpu_0_2500,2279924,VMCALL,0,0,-1
L2,Hypertracing,syscall_benchmark,getcpu_0_2500,2435512,VMCALL,0,0,-1
L2,Hypertracing,syscall_benchmark,getcpu_0_2500,2269709,VMCALL,0,0,-1
L2,Hypertracing,syscall_benchmark,getcpu_0_2500,2228979,VMCALL,0,0,-1
L2,Hypertracing,syscall_benchmark,getcpu_0_2500,2315598,VMCALL,0,0,-1
L2,Hypertracing,syscall_benchmark,getcpu_0_2500,2402387,VMCALL,0,0,-1
L2,Hypertracing,syscall_benchmark,getcpu_0_2500,2212419,VMCALL,0,0,-1
L2,Hypertracing,syscall_benchmark,getcpu_0_2500,2296097,VMCALL,0,0,-1
L2,Hypertracing,syscall_benchmark,getcpu_0_2500,2277114,VMCALL,0,0,-1
L2,Hypertracing,syscall_benchmark,getcpu_0_2500,2311196,VMCALL,0,0,-1
L2,Hypertracing,syscall_benchmark,getcpu_0_2500,2189579,VMCALL,0,0,-1
L2,Hypertracing,syscall_benchmark,getcpu_0_2500,2235387,VMCALL,0,0,-1
L2,Hypertracing,syscall_benchmark,getcpu_10_2500,38286205,VMCALL,0,0,-1
L2,Hypertracing,syscall_benchmark,getcpu_10_2500,26434811,VMCALL,0,0,-1
L2,Hypertracing,syscall_benchmark,getcpu_10_2500,26269283,VMCALL,0,0,-1
L2,Hypertracing,syscall_benchmark,getcpu_10_2500,26122442,VMCALL,0,0,-1
L2,Hypertracing,syscall_benchmark,getcpu_10_2500,27316014,VMCALL,0,0,-1
L2,Hypertracing,syscall_benchmark,getcpu_10_2500,26063010,VMCALL,0,0,-1
L2,Hypertracing,syscall_benchmark,getcpu_10_2500,51402754,VMCALL,0,0,-1
L2,Hypertracing,syscall_benchmark,getcpu_10_2500,26779424,VMCALL,0,0,-1
L2,Hypertracing,syscall_benchmark,getcpu_10_2500,26449693,VMCALL,0,0,-1
L2,Hypertracing,syscall_benchmark,getcpu_10_2500,26612682,VMCALL,0,0,-1
L2,Hypertracing,syscall_benchmark,getcpu_10_2500,26207931,VMCALL,0,0,-1
L2,Hypertracing,syscall_benchmark,getcpu_10_2500,26344097,VMCALL,0,0,-1
L2,Hypertracing,syscall_benchmark,getcpu_10_2500,27017450,VMCALL,0,0,-1
L2,Hypertracing,syscall_benchmark,getcpu_10_2500,26812973,VMCALL,0,0,-1
L2,Hypertracing,syscall_benchmark,getcpu_10_2500,27426431,VMCALL,0,0,-1
L2,Hypertracing,syscall_benchmark,getcpu_10_2500,30815277,VMCALL,0,0,-1
L2,Hypertracing,syscall_benchmark,getcpu_10_2500,26715687,VMCALL,0,0,-1
L2,Hypertracing,syscall_benchmark,getcpu_10_2500,26182041,VMCALL,0,0,-1
L2,Hypertracing,syscall_benchmark,getcpu_10_2500,26307599,VMCALL,0,0,-1
L2,Hypertracing,syscall_benchmark,getcpu_10_2500,27787069,VMCALL,0,0,-1
L2,Hypertracing,syscall_benchmark,getcpu_10_2500,26959830,VMCALL,0,0,-1
L2,Hypertracing,syscall_benchmark,getcpu_10_2500,26078529,VMCALL,0,0,-1
L2,Hypertracing,syscall_benchmark,getcpu_10_2500,26235548,VMCALL,0,0,-1
L2,Hypertracing,syscall_benchmark,getcpu_10_2500,26614609,VMCALL,0,0,-1
L2,Hypertracing,syscall_benchmark,getcpu_10_2500,27157667,VMCALL,0,0,-1
L2,Hypertracing,syscall_benchmark,getcpu_10_2500,25952396,VMCALL,0,0,-1
L2,Hypertracing,syscall_benchmark,getcpu_10_2500,27019569,VMCALL,0,0,-1
L2,Hypertracing,syscall_benchmark,getcpu_10_2500,28528120,VMCALL,0,0,-1
L2,Hypertracing,syscall_benchmark,getcpu_10_2500,26174888,VMCALL,0,0,-1
L2,Hypertracing,syscall_benchmark,getcpu_10_2500,26356993,VMCALL,0,0,-1
L2,Hypertracing,syscall_benchmark,getcpu_5_2500,14319617,VMCALL,0,0,-1
L2,Hypertracing,syscall_benchmark,getcpu_5_2500,14291544,VMCALL,0,0,-1
L2,Hypertracing,syscall_benchmark,getcpu_5_2500,14124484,VMCALL,0,0,-1
L2,Hypertracing,syscall_benchmark,getcpu_5_2500,19378222,VMCALL,0,0,-1
L2,Hypertracing,syscall_benchmark,getcpu_5_2500,14185873,VMCALL,0,0,-1
L2,Hypertracing,syscall_benchmark,getcpu_5_2500,14218410,VMCALL,0,0,-1
L2,Hypertracing,syscall_benchmark,getcpu_5_2500,14123016,VMCALL,0,0,-1
L2,Hypertracing,syscall_benchmark,getcpu_5_2500,28839466,VMCALL,0,0,-1
L2,Hypertracing,syscall_benchmark,getcpu_5_2500,14196527,VMCALL,0,0,-1
L2,Hypertracing,syscall_benchmark,getcpu_5_2500,14205011,VMCALL,0,0,-1
L2,Hypertracing,syscall_benchmark,getcpu_5_2500,26429284,VMCALL,0,0,-1
L2,Hypertracing,syscall_benchmark,getcpu_5_2500,14445268,VMCALL,0,0,-1
L2,Hypertracing,syscall_benchmark,getcpu_5_2500,14090698,VMCALL,0,0,-1
L2,Hypertracing,syscall_benchmark,getcpu_5_2500,14947504,VMCALL,0,0,-1
L2,Hypertracing,syscall_benchmark,getcpu_5_2500,14286575,VMCALL,0,0,-1
L2,Hypertracing,syscall_benchmark,getcpu_5_2500,14151414,VMCALL,0,0,-1
L2,Hypertracing,syscall_benchmark,getcpu_5_2500,14006007,VMCALL,0,0,-1
L2,Hypertracing,syscall_benchmark,getcpu_5_2500,14173112,VMCALL,0,0,-1
L2,Hypertracing,syscall_benchmark,getcpu_5_2500,14231152,VMCALL,0,0,-1
L2,Hypertracing,syscall_benchmark,getcpu_5_2500,14020167,VMCALL,0,0,-1
L2,Hypertracing,syscall_benchmark,getcpu_5_2500,14202821,VMCALL,0,0,-1
L2,Hypertracing,syscall_benchmark,getcpu_5_2500,18554455,VMCALL,0,0,-1
L2,Hypertracing,syscall_benchmark,getcpu_5_2500,30304085,VMCALL,0,0,-1
L2,Hypertracing,syscall_benchmark,getcpu_5_2500,14076040,VMCALL,0,0,-1
L2,Hypertracing,syscall_benchmark,getcpu_5_2500,14190130,VMCALL,0,0,-1
L2,Hypertracing,syscall_benchmark,getcpu_5_2500,14235260,VMCALL,0,0,-1
L2,Hypertracing,syscall_benchmark,getcpu_5_2500,14322965,VMCALL,0,0,-1
L2,Hypertracing,syscall_benchmark,getcpu_5_2500,14174314,VMCALL,0,0,-1
L2,Hypertracing,syscall_benchmark,getcpu_5_2500,14055815,VMCALL,0,0,-1
L2,Hypertracing,syscall_benchmark,getcpu_5_2500,14237732,VMCALL,0,0,-1
L1,Lttng,syscall_benchmark,getcpu_10_2500,25159508,VMCALL,0,0,-1
L1,Lttng,syscall_benchmark,getcpu_10_2500,25393886,VMCALL,0,0,-1
L1,Lttng,syscall_benchmark,getcpu_10_2500,25483192,VMCALL,0,0,-1
L1,Lttng,syscall_benchmark,getcpu_10_2500,25600935,VMCALL,0,0,-1
L1,Lttng,syscall_benchmark,getcpu_10_2500,26108283,VMCALL,0,0,-1
L1,Lttng,syscall_benchmark,getcpu_10_2500,25123845,VMCALL,0,0,-1
L1,Lttng,syscall_benchmark,getcpu_10_2500,25640811,VMCALL,0,0,-1
L1,Lttng,syscall_benchmark,getcpu_10_2500,25586430,VMCALL,0,0,-1
L1,Lttng,syscall_benchmark,getcpu_10_2500,25693823,VMCALL,0,0,-1
L1,Lttng,syscall_benchmark,getcpu_10_2500,25644899,VMCALL,0,0,-1
L1,Lttng,syscall_benchmark,getcpu_10_2500,25234313,VMCALL,0,0,-1
L1,Lttng,syscall_benchmark,getcpu_10_2500,25180766,VMCALL,0,0,-1
L1,Lttng,syscall_benchmark,getcpu_10_2500,25332243,VMCALL,0,0,-1
L1,Lttng,syscall_benchmark,getcpu_10_2500,25537669,VMCALL,0,0,-1
L1,Lttng,syscall_benchmark,getcpu_10_2500,25607668,VMCALL,0,0,-1
L1,Lttng,syscall_benchmark,getcpu_10_2500,25172180,VMCALL,0,0,-1
L1,Lttng,syscall_benchmark,getcpu_10_2500,25194919,VMCALL,0,0,-1
L1,Lttng,syscall_benchmark,getcpu_10_2500,25402596,VMCALL,0,0,-1
L1,Lttng,syscall_benchmark,getcpu_10_2500,25465115,VMCALL,0,0,-1
L1,Lttng,syscall_benchmark,getcpu_10_2500,24764785,VMCALL,0,0,-1
L1,Lttng,syscall_benchmark,getcpu_10_2500,25144158,VMCALL,0,0,-1
L1,Lttng,syscall_benchmark,getcpu_10_2500,24719401,VMCALL,0,0,-1
L1,Lttng,syscall_benchmark,getcpu_10_2500,25321897,VMCALL,0,0,-1
L1,Lttng,syscall_benchmark,getcpu_10_2500,24932556,VMCALL,0,0,-1
L1,Lttng,syscall_benchmark,getcpu_10_2500,25601268,VMCALL,0,0,-1
L1,Lttng,syscall_benchmark,getcpu_10_2500,25752705,VMCALL,0,0,-1
L1,Lttng,syscall_benchmark,getcpu_10_2500,25557142,VMCALL,0,0,-1
L1,Lttng,syscall_benchmark,getcpu_10_2500,24934451,VMCALL,0,0,-1
L1,Lttng,syscall_benchmark,getcpu_10_2500,24803649,VMCALL,0,0,-1
L1,Lttng,syscall_benchmark,getcpu_10_2500,24669567,VMCALL,0,0,-1
L2,Lttng,syscall_benchmark,getcpu_0_2500,498869,VMCALL,0,0,-1
L2,Lttng,syscall_benchmark,getcpu_0_2500,495219,VMCALL,0,0,-1
L2,Lttng,syscall_benchmark,getcpu_0_2500,553005,VMCALL,0,0,-1
L2,Lttng,syscall_benchmark,getcpu_0_2500,477045,VMCALL,0,0,-1
L2,Lttng,syscall_benchmark,getcpu_0_2500,497920,VMCALL,0,0,-1
L2,Lttng,syscall_benchmark,getcpu_0_2500,2207517,VMCALL,0,0,-1
L2,Lttng,syscall_benchmark,getcpu_0_2500,506870,VMCALL,0,0,-1
L2,Lttng,syscall_benchmark,getcpu_0_2500,500010,VMCALL,0,0,-1
L2,Lttng,syscall_benchmark,getcpu_0_2500,491386,VMCALL,0,0,-1
L2,Lttng,syscall_benchmark,getcpu_0_2500,501924,VMCALL,0,0,-1
L2,Lttng,syscall_benchmark,getcpu_0_2500,696689,VMCALL,0,0,-1
L2,Lttng,syscall_benchmark,getcpu_0_2500,474115,VMCALL,0,0,-1
L2,Lttng,syscall_benchmark,getcpu_0_2500,593802,VMCALL,0,0,-1
L2,Lttng,syscall_benchmark,getcpu_0_2500,571741,VMCALL,0,0,-1
L2,Lttng,syscall_benchmark,getcpu_0_2500,505417,VMCALL,0,0,-1
L2,Lttng,syscall_benchmark,getcpu_0_2500,507993,VMCALL,0,0,-1
L2,Lttng,syscall_benchmark,getcpu_0_2500,530127,VMCALL,0,0,-1
L2,Lttng,syscall_benchmark,getcpu_0_2500,500384,VMCALL,0,0,-1
L2,Lttng,syscall_benchmark,getcpu_0_2500,504239,VMCALL,0,0,-1
L2,Lttng,syscall_benchmark,getcpu_0_2500,502433,VMCALL,0,0,-1
L2,Lttng,syscall_benchmark,getcpu_0_2500,478402,VMCALL,0,0,-1
L2,Lttng,syscall_benchmark,getcpu_0_2500,551010,VMCALL,0,0,-1
L2,Lttng,syscall_benchmark,getcpu_0_2500,616432,VMCALL,0,0,-1
L2,Lttng,syscall_benchmark,getcpu_0_2500,475169,VMCALL,0,0,-1
L2,Lttng,syscall_benchmark,getcpu_0_2500,499212,VMCALL,0,0,-1
L2,Lttng,syscall_benchmark,getcpu_0_2500,495971,VMCALL,0,0,-1
L2,Lttng,syscall_benchmark,getcpu_0_2500,502288,VMCALL,0,0,-1
L2,Lttng,syscall_benchmark,getcpu_0_2500,539564,VMCALL,0,0,-1
L2,Lttng,syscall_benchmark,getcpu_0_2500,498833,VMCALL,0,0,-1
L2,Lttng,syscall_benchmark,getcpu_0_2500,501083,VMCALL,0,0,-1
L2,Lttng,syscall_benchmark,getcpu_10_2500,25567925,VMCALL,0,0,-1
L2,Lttng,syscall_benchmark,getcpu_10_2500,25426688,VMCALL,0,0,-1
L2,Lttng,syscall_benchmark,getcpu_10_2500,25800058,VMCALL,0,0,-1
L2,Lttng,syscall_benchmark,getcpu_10_2500,25352456,VMCALL,0,0,-1
L2,Lttng,syscall_benchmark,getcpu_10_2500,24969181,VMCALL,0,0,-1
L2,Lttng,syscall_benchmark,getcpu_10_2500,25900509,VMCALL,0,0,-1
L2,Lttng,syscall_benchmark,getcpu_10_2500,32514934,VMCALL,0,0,-1
L2,Lttng,syscall_benchmark,getcpu_10_2500,25402933,VMCALL,0,0,-1
L2,Lttng,syscall_benchmark,getcpu_10_2500,51212143,VMCALL,0,0,-1
L2,Lttng,syscall_benchmark,getcpu_10_2500,40059955,VMCALL,0,0,-1
L2,Lttng,syscall_benchmark,getcpu_10_2500,25093700,VMCALL,0,0,-1
L2,Lttng,syscall_benchmark,getcpu_10_2500,24976407,VMCALL,0,0,-1
L2,Lttng,syscall_benchmark,getcpu_10_2500,25387475,VMCALL,0,0,-1
L2,Lttng,syscall_benchmark,getcpu_10_2500,25586989,VMCALL,0,0,-1
L2,Lttng,syscall_benchmark,getcpu_10_2500,25352017,VMCALL,0,0,-1
L2,Lttng,syscall_benchmark,getcpu_10_2500,25218275,VMCALL,0,0,-1
L2,Lttng,syscall_benchmark,getcpu_10_2500,25272047,VMCALL,0,0,-1
L2,Lttng,syscall_benchmark,getcpu_10_2500,25175671,VMCALL,0,0,-1
L2,Lttng,syscall_benchmark,getcpu_10_2500,48753314,VMCALL,0,0,-1
L2,Lttng,syscall_benchmark,getcpu_10_2500,25256288,VMCALL,0,0,-1
L2,Lttng,syscall_benchmark,getcpu_10_2500,25118328,VMCALL,0,0,-1
L2,Lttng,syscall_benchmark,getcpu_10_2500,25351371,VMCALL,0,0,-1
L2,Lttng,syscall_benchmark,getcpu_10_2500,25200022,VMCALL,0,0,-1
L2,Lttng,syscall_benchmark,getcpu_10_2500,27792789,VMCALL,0,0,-1
L2,Lttng,syscall_benchmark,getcpu_10_2500,25134066,VMCALL,0,0,-1
L2,Lttng,syscall_benchmark,getcpu_10_2500,25873136,VMCALL,0,0,-1
L2,Lttng,syscall_benchmark,getcpu_10_2500,25608634,VMCALL,0,0,-1
L2,Lttng,syscall_benchmark,getcpu_10_2500,42376175,VMCALL,0,0,-1
L2,Lttng,syscall_benchmark,getcpu_10_2500,25321146,VMCALL,0,0,-1
L2,Lttng,syscall_benchmark,getcpu_10_2500,25193109,VMCALL,0,0,-1
L2,Lttng,syscall_benchmark,getcpu_5_2500,12685184,VMCALL,0,0,-1
L2,Lttng,syscall_benchmark,getcpu_5_2500,12598606,VMCALL,0,0,-1
L2,Lttng,syscall_benchmark,getcpu_5_2500,12546589,VMCALL,0,0,-1
L2,Lttng,syscall_benchmark,getcpu_5_2500,12678878,VMCALL,0,0,-1
L2,Lttng,syscall_benchmark,getcpu_5_2500,12800607,VMCALL,0,0,-1
L2,Lttng,syscall_benchmark,getcpu_5_2500,12699669,VMCALL,0,0,-1
L2,Lttng,syscall_benchmark,getcpu_5_2500,12574809,VMCALL,0,0,-1
L2,Lttng,syscall_benchmark,getcpu_5_2500,12702203,VMCALL,0,0,-1
L2,Lttng,syscall_benchmark,getcpu_5_2500,12907391,VMCALL,0,0,-1
L2,Lttng,syscall_benchmark,getcpu_5_2500,12630125,VMCALL,0,0,-1
L2,Lttng,syscall_benchmark,getcpu_5_2500,13152661,VMCALL,0,0,-1
L2,Lttng,syscall_benchmark,getcpu_5_2500,18248390,VMCALL,0,0,-1
L2,Lttng,syscall_benchmark,getcpu_5_2500,12915544,VMCALL,0,0,-1
L2,Lttng,syscall_benchmark,getcpu_5_2500,12728555,VMCALL,0,0,-1
L2,Lttng,syscall_benchmark,getcpu_5_2500,14162183,VMCALL,0,0,-1
L2,Lttng,syscall_benchmark,getcpu_5_2500,12663158,VMCALL,0,0,-1
L2,Lttng,syscall_benchmark,getcpu_5_2500,12965518,VMCALL,0,0,-1
L2,Lttng,syscall_benchmark,getcpu_5_2500,12677489,VMCALL,0,0,-1
L2,Lttng,syscall_benchmark,getcpu_5_2500,12746343,VMCALL,0,0,-1
L2,Lttng,syscall_benchmark,getcpu_5_2500,12586686,VMCALL,0,0,-1
L2,Lttng,syscall_benchmark,getcpu_5_2500,12587791,VMCALL,0,0,-1
L2,Lttng,syscall_benchmark,getcpu_5_2500,12928640,VMCALL,0,0,-1
L2,Lttng,syscall_benchmark,getcpu_5_2500,12724977,VMCALL,0,0,-1
L2,Lttng,syscall_benchmark,getcpu_5_2500,12736711,VMCALL,0,0,-1
L2,Lttng,syscall_benchmark,getcpu_5_2500,12670124,VMCALL,0,0,-1
L2,Lttng,syscall_benchmark,getcpu_5_2500,12707595,VMCALL,0,0,-1
L2,Lttng,syscall_benchmark,getcpu_5_2500,12590511,VMCALL,0,0,-1
L2,Lttng,syscall_benchmark,getcpu_5_2500,12980058,VMCALL,0,0,-1
L2,Lttng,syscall_benchmark,getcpu_5_2500,12970238,VMCALL,0,0,-1
L2,Lttng,syscall_benchmark,getcpu_5_2500,12802215,VMCALL,0,0,-1
L2,None,syscall_benchmark,getcpu_0_2500,118407,VMCALL,0,0,-1
L2,None,syscall_benchmark,getcpu_0_2500,120156,VMCALL,0,0,-1
L2,None,syscall_benchmark,getcpu_0_2500,120454,VMCALL,0,0,-1
L2,None,syscall_benchmark,getcpu_0_2500,120543,VMCALL,0,0,-1
L2,None,syscall_benchmark,getcpu_0_2500,124412,VMCALL,0,0,-1
L2,None,syscall_benchmark,getcpu_0_2500,119402,VMCALL,0,0,-1
L2,None,syscall_benchmark,getcpu_0_2500,119407,VMCALL,0,0,-1
L2,None,syscall_benchmark,getcpu_0_2500,119199,VMCALL,0,0,-1
L2,None,syscall_benchmark,getcpu_0_2500,118429,VMCALL,0,0,-1
L2,None,syscall_benchmark,getcpu_0_2500,119159,VMCALL,0,0,-1
L2,None,syscall_benchmark,getcpu_0_2500,118554,VMCALL,0,0,-1
L2,None,syscall_benchmark,getcpu_0_2500,125124,VMCALL,0,0,-1
L2,None,syscall_benchmark,getcpu_0_2500,118679,VMCALL,0,0,-1
L2,None,syscall_benchmark,getcpu_0_2500,118410,VMCALL,0,0,-1
L2,None,syscall_benchmark,getcpu_0_2500,118309,VMCALL,0,0,-1
L2,None,syscall_benchmark,getcpu_0_2500,142980,VMCALL,0,0,-1
L2,None,syscall_benchmark,getcpu_0_2500,118332,VMCALL,0,0,-1
L2,None,syscall_benchmark,getcpu_0_2500,118735,VMCALL,0,0,-1
L2,None,syscall_benchmark,getcpu_0_2500,126136,VMCALL,0,0,-1
L2,None,syscall_benchmark,getcpu_0_2500,125264,VMCALL,0,0,-1
L2,None,syscall_benchmark,getcpu_0_2500,119469,VMCALL,0,0,-1
L2,None,syscall_benchmark,getcpu_0_2500,120437,VMCALL,0,0,-1
L2,None,syscall_benchmark,getcpu_0_2500,118571,VMCALL,0,0,-1
L2,None,syscall_benchmark,getcpu_0_2500,124568,VMCALL,0,0,-1
L2,None,syscall_benchmark,getcpu_0_2500,118944,VMCALL,0,0,-1
L2,None,syscall_benchmark,getcpu_0_2500,118322,VMCALL,0,0,-1
L2,None,syscall_benchmark,getcpu_0_2500,119309,VMCALL,0,0,-1
L2,None,syscall_benchmark,getcpu_0_2500,119322,VMCALL,0,0,-1
L2,None,syscall_benchmark,getcpu_0_2500,119231,VMCALL,0,0,-1
L2,None,syscall_benchmark,getcpu_0_2500,118523,VMCALL,0,0,-1
L2,None,syscall_benchmark,getcpu_10_2500,29595874,VMCALL,0,0,-1
L2,None,syscall_benchmark,getcpu_10_2500,24355122,VMCALL,0,0,-1
L2,None,syscall_benchmark,getcpu_10_2500,24283630,VMCALL,0,0,-1
L2,None,syscall_benchmark,getcpu_10_2500,24490734,VMCALL,0,0,-1
L2,None,syscall_benchmark,getcpu_10_2500,25723459,VMCALL,0,0,-1
L2,None,syscall_benchmark,getcpu_10_2500,24331802,VMCALL,0,0,-1
L2,None,syscall_benchmark,getcpu_10_2500,52156921,VMCALL,0,0,-1
L2,None,syscall_benchmark,getcpu_10_2500,25091943,VMCALL,0,0,-1
L2,None,syscall_benchmark,getcpu_10_2500,24414876,VMCALL,0,0,-1
L2,None,syscall_benchmark,getcpu_10_2500,24231470,VMCALL,0,0,-1
L2,None,syscall_benchmark,getcpu_10_2500,24675981,VMCALL,0,0,-1
L2,None,syscall_benchmark,getcpu_10_2500,24884777,VMCALL,0,0,-1
L2,None,syscall_benchmark,getcpu_10_2500,24784818,VMCALL,0,0,-1
L2,None,syscall_benchmark,getcpu_10_2500,24114823,VMCALL,0,0,-1
L2,None,syscall_benchmark,getcpu_10_2500,24049626,VMCALL,0,0,-1
L2,None,syscall_benchmark,getcpu_10_2500,23940841,VMCALL,0,0,-1
L2,None,syscall_benchmark,getcpu_10_2500,25394740,VMCALL,0,0,-1
L2,None,syscall_benchmark,getcpu_10_2500,25173229,VMCALL,0,0,-1
L2,None,syscall_benchmark,getcpu_10_2500,24591555,VMCALL,0,0,-1
L2,None,syscall_benchmark,getcpu_10_2500,24413360,VMCALL,0,0,-1
L2,None,syscall_benchmark,getcpu_10_2500,23958360,VMCALL,0,0,-1
L2,None,syscall_benchmark,getcpu_10_2500,25207806,VMCALL,0,0,-1
L2,None,syscall_benchmark,getcpu_10_2500,24390348,VMCALL,0,0,-1
L2,None,syscall_benchmark,getcpu_10_2500,24083733,VMCALL,0,0,-1
L2,None,syscall_benchmark,getcpu_10_2500,24362918,VMCALL,0,0,-1
L2,None,syscall_benchmark,getcpu_10_2500,24278901,VMCALL,0,0,-1
L2,None,syscall_benchmark,getcpu_10_2500,24225555,VMCALL,0,0,-1
L2,None,syscall_benchmark,getcpu_10_2500,24171846,VMCALL,0,0,-1
L2,None,syscall_benchmark,getcpu_10_2500,24153275,VMCALL,0,0,-1
L2,None,syscall_benchmark,getcpu_10_2500,24098396,VMCALL,0,0,-1
L2,None,syscall_benchmark,getcpu_5_2500,12198475,VMCALL,0,0,-1
L2,None,syscall_benchmark,getcpu_5_2500,11996109,VMCALL,0,0,-1
L2,None,syscall_benchmark,getcpu_5_2500,12110196,VMCALL,0,0,-1
L2,None,syscall_benchmark,getcpu_5_2500,12169666,VMCALL,0,0,-1
L2,None,syscall_benchmark,getcpu_5_2500,12409197,VMCALL,0,0,-1
L2,None,syscall_benchmark,getcpu_5_2500,12198870,VMCALL,0,0,-1
L2,None,syscall_benchmark,getcpu_5_2500,12185523,VMCALL,0,0,-1
L2,None,syscall_benchmark,getcpu_5_2500,12231989,VMCALL,0,0,-1
L2,None,syscall_benchmark,getcpu_5_2500,12354963,VMCALL,0,0,-1
L2,None,syscall_benchmark,getcpu_5_2500,12280282,VMCALL,0,0,-1
L2,None,syscall_benchmark,getcpu_5_2500,12276908,VMCALL,0,0,-1
L2,None,syscall_benchmark,getcpu_5_2500,23676172,VMCALL,0,0,-1
L2,None,syscall_benchmark,getcpu_5_2500,12170503,VMCALL,0,0,-1
L2,None,syscall_benchmark,getcpu_5_2500,12145610,VMCALL,0,0,-1
L2,None,syscall_benchmark,getcpu_5_2500,12694736,VMCALL,0,0,-1
L2,None,syscall_benchmark,getcpu_5_2500,12294885,VMCALL,0,0,-1
L2,None,syscall_benchmark,getcpu_5_2500,11985769,VMCALL,0,0,-1
L2,None,syscall_benchmark,getcpu_5_2500,12143764,VMCALL,0,0,-1
L2,None,syscall_benchmark,getcpu_5_2500,12267495,VMCALL,0,0,-1
L2,None,syscall_benchmark,getcpu_5_2500,12135337,VMCALL,0,0,-1
L2,None,syscall_benchmark,getcpu_5_2500,24936494,VMCALL,0,0,-1
L2,None,syscall_benchmark,getcpu_5_2500,12038508,VMCALL,0,0,-1
L2,None,syscall_benchmark,getcpu_5_2500,12160952,VMCALL,0,0,-1
L2,None,syscall_benchmark,getcpu_5_2500,12124750,VMCALL,0,0,-1
L2,None,syscall_benchmark,getcpu_5_2500,12106431,VMCALL,0,0,-1
L2,None,syscall_benchmark,getcpu_5_2500,12105468,VMCALL,0,0,-1
L2,None,syscall_benchmark,getcpu_5_2500,12156013,VMCALL,0,0,-1
L2,None,syscall_benchmark,getcpu_5_2500,12370959,VMCALL,0,0,-1
L2,None,syscall_benchmark,getcpu_5_2500,25483829,VMCALL,0,0,-1
L2,None,syscall_benchmark,getcpu_5_2500,12051918,VMCALL,0,0,-1
L1,Perf,syscall_benchmark,getcpu_10_2500,25078464,VMCALL,0,0,-1
L1,Perf,syscall_benchmark,getcpu_10_2500,25005170,VMCALL,0,0,-1
L1,Perf,syscall_benchmark,getcpu_10_2500,25088039,VMCALL,0,0,-1
L1,Perf,syscall_benchmark,getcpu_10_2500,24753742,VMCALL,0,0,-1
L1,Perf,syscall_benchmark,getcpu_10_2500,25148995,VMCALL,0,0,-1
L1,Perf,syscall_benchmark,getcpu_10_2500,25820195,VMCALL,0,0,-1
L1,Perf,syscall_benchmark,getcpu_10_2500,25060365,VMCALL,0,0,-1
L1,Perf,syscall_benchmark,getcpu_10_2500,24997462,VMCALL,0,0,-1
L1,Perf,syscall_benchmark,getcpu_10_2500,25224660,VMCALL,0,0,-1
L1,Perf,syscall_benchmark,getcpu_10_2500,25153431,VMCALL,0,0,-1
L1,Perf,syscall_benchmark,getcpu_10_2500,24967782,VMCALL,0,0,-1
L1,Perf,syscall_benchmark,getcpu_10_2500,24807517,VMCALL,0,0,-1
L1,Perf,syscall_benchmark,getcpu_10_2500,25883024,VMCALL,0,0,-1
L1,Perf,syscall_benchmark,getcpu_10_2500,24826509,VMCALL,0,0,-1
L1,Perf,syscall_benchmark,getcpu_10_2500,25159504,VMCALL,0,0,-1
L1,Perf,syscall_benchmark,getcpu_10_2500,25613496,VMCALL,0,0,-1
L1,Perf,syscall_benchmark,getcpu_10_2500,25327987,VMCALL,0,0,-1
L1,Perf,syscall_benchmark,getcpu_10_2500,24937426,VMCALL,0,0,-1
L1,Perf,syscall_benchmark,getcpu_10_2500,24835343,VMCALL,0,0,-1
L1,Perf,syscall_benchmark,getcpu_10_2500,25823722,VMCALL,0,0,-1
L1,Perf,syscall_benchmark,getcpu_10_2500,25237602,VMCALL,0,0,-1
L1,Perf,syscall_benchmark,getcpu_10_2500,25179806,VMCALL,0,0,-1
L1,Perf,syscall_benchmark,getcpu_10_2500,24973236,VMCALL,0,0,-1
L1,Perf,syscall_benchmark,getcpu_10_2500,25189994,VMCALL,0,0,-1
L1,Perf,syscall_benchmark,getcpu_10_2500,25333616,VMCALL,0,0,-1
L1,Perf,syscall_benchmark,getcpu_10_2500,24937708,VMCALL,0,0,-1
L1,Perf,syscall_benchmark,getcpu_10_2500,24864710,VMCALL,0,0,-1
L1,Perf,syscall_benchmark,getcpu_10_2500,25042640,VMCALL,0,0,-1
L1,Perf,syscall_benchmark,getcpu_10_2500,25089444,VMCALL,0,0,-1
L1,Perf,syscall_benchmark,getcpu_10_2500,24927639,VMCALL,0,0,-1
L2,Perf,syscall_benchmark,getcpu_0_2500,1070461,VMCALL,0,0,-1
L2,Perf,syscall_benchmark,getcpu_0_2500,1098079,VMCALL,0,0,-1
L2,Perf,syscall_benchmark,getcpu_0_2500,1130343,VMCALL,0,0,-1
L2,Perf,syscall_benchmark,getcpu_0_2500,1203438,VMCALL,0,0,-1
L2,Perf,syscall_benchmark,getcpu_0_2500,1114934,VMCALL,0,0,-1
L2,Perf,syscall_benchmark,getcpu_0_2500,1159166,VMCALL,0,0,-1
L2,Perf,syscall_benchmark,getcpu_0_2500,1080274,VMCALL,0,0,-1
L2,Perf,syscall_benchmark,getcpu_0_2500,1251608,VMCALL,0,0,-1
L2,Perf,syscall_benchmark,getcpu_0_2500,4927376,VMCALL,0,0,-1
L2,Perf,syscall_benchmark,getcpu_0_2500,1197236,VMCALL,0,0,-1
L2,Perf,syscall_benchmark,getcpu_0_2500,1105650,VMCALL,0,0,-1
L2,Perf,syscall_benchmark,getcpu_0_2500,1163618,VMCALL,0,0,-1
L2,Perf,syscall_benchmark,getcpu_0_2500,1098314,VMCALL,0,0,-1
L2,Perf,syscall_benchmark,getcpu_0_2500,1117509,VMCALL,0,0,-1
L2,Perf,syscall_benchmark,getcpu_0_2500,1176370,VMCALL,0,0,-1
L2,Perf,syscall_benchmark,getcpu_0_2500,1124618,VMCALL,0,0,-1
L2,Perf,syscall_benchmark,getcpu_0_2500,1072481,VMCALL,0,0,-1
L2,Perf,syscall_benchmark,getcpu_0_2500,1118602,VMCALL,0,0,-1
L2,Perf,syscall_benchmark,getcpu_0_2500,1141947,VMCALL,0,0,-1
L2,Perf,syscall_benchmark,getcpu_0_2500,1166871,VMCALL,0,0,-1
L2,Perf,syscall_benchmark,getcpu_0_2500,1139784,VMCALL,0,0,-1
L2,Perf,syscall_benchmark,getcpu_0_2500,1290625,VMCALL,0,0,-1
L2,Perf,syscall_benchmark,getcpu_0_2500,1164947,VMCALL,0,0,-1
L2,Perf,syscall_benchmark,getcpu_0_2500,1244643,VMCALL,0,0,-1
L2,Perf,syscall_benchmark,getcpu_0_2500,1199687,VMCALL,0,0,-1
L2,Perf,syscall_benchmark,getcpu_0_2500,1144105,VMCALL,0,0,-1
L2,Perf,syscall_benchmark,getcpu_0_2500,1231185,VMCALL,0,0,-1
L2,Perf,syscall_benchmark,getcpu_0_2500,1251955,VMCALL,0,0,-1
L2,Perf,syscall_benchmark,getcpu_0_2500,1125145,VMCALL,0,0,-1
L2,Perf,syscall_benchmark,getcpu_0_2500,1267962,VMCALL,0,0,-1
L2,Perf,syscall_benchmark,getcpu_10_2500,25415876,VMCALL,0,0,-1
L2,Perf,syscall_benchmark,getcpu_10_2500,25639902,VMCALL,0,0,-1
L2,Perf,syscall_benchmark,getcpu_10_2500,25583821,VMCALL,0,0,-1
L2,Perf,syscall_benchmark,getcpu_10_2500,29908607,VMCALL,0,0,-1
L2,Perf,syscall_benchmark,getcpu_10_2500,25312592,VMCALL,0,0,-1
L2,Perf,syscall_benchmark,getcpu_10_2500,25321630,VMCALL,0,0,-1
L2,Perf,syscall_benchmark,getcpu_10_2500,25479717,VMCALL,0,0,-1
L2,Perf,syscall_benchmark,getcpu_10_2500,25543071,VMCALL,0,0,-1
L2,Perf,syscall_benchmark,getcpu_10_2500,25503495,VMCALL,0,0,-1
L2,Perf,syscall_benchmark,getcpu_10_2500,25317430,VMCALL,0,0,-1
L2,Perf,syscall_benchmark,getcpu_10_2500,26045373,VMCALL,0,0,-1
L2,Perf,syscall_benchmark,getcpu_10_2500,25530186,VMCALL,0,0,-1
L2,Perf,syscall_benchmark,getcpu_10_2500,26433788,VMCALL,0,0,-1
L2,Perf,syscall_benchmark,getcpu_10_2500,25836810,VMCALL,0,0,-1
L2,Perf,syscall_benchmark,getcpu_10_2500,25568645,VMCALL,0,0,-1
L2,Perf,syscall_benchmark,getcpu_10_2500,25588390,VMCALL,0,0,-1
L2,Perf,syscall_benchmark,getcpu_10_2500,25741069,VMCALL,0,0,-1
L2,Perf,syscall_benchmark,getcpu_10_2500,26664176,VMCALL,0,0,-1
L2,Perf,syscall_benchmark,getcpu_10_2500,25541336,VMCALL,0,0,-1
L2,Perf,syscall_benchmark,getcpu_10_2500,25526056,VMCALL,0,0,-1
L2,Perf,syscall_benchmark,getcpu_10_2500,25464630,VMCALL,0,0,-1
L2,Perf,syscall_benchmark,getcpu_10_2500,25627062,VMCALL,0,0,-1
L2,Perf,syscall_benchmark,getcpu_10_2500,50041233,VMCALL,0,0,-1
L2,Perf,syscall_benchmark,getcpu_10_2500,25958760,VMCALL,0,0,-1
L2,Perf,syscall_benchmark,getcpu_10_2500,25544898,VMCALL,0,0,-1
L2,Perf,syscall_benchmark,getcpu_10_2500,25570953,VMCALL,0,0,-1
L2,Perf,syscall_benchmark,getcpu_10_2500,25631597,VMCALL,0,0,-1
L2,Perf,syscall_benchmark,getcpu_10_2500,25596059,VMCALL,0,0,-1
L2,Perf,syscall_benchmark,getcpu_10_2500,25851752,VMCALL,0,0,-1
L2,Perf,syscall_benchmark,getcpu_10_2500,25460551,VMCALL,0,0,-1
L2,Perf,syscall_benchmark,getcpu_5_2500,13346731,VMCALL,0,0,-1
L2,Perf,syscall_benchmark,getcpu_5_2500,13409217,VMCALL,0,0,-1
L2,Perf,syscall_benchmark,getcpu_5_2500,13377701,VMCALL,0,0,-1
L2,Perf,syscall_benchmark,getcpu_5_2500,13264314,VMCALL,0,0,-1
L2,Perf,syscall_benchmark,getcpu_5_2500,13137808,VMCALL,0,0,-1
L2,Perf,syscall_benchmark,getcpu_5_2500,13196798,VMCALL,0,0,-1
L2,Perf,syscall_benchmark,getcpu_5_2500,13725194,VMCALL,0,0,-1
L2,Perf,syscall_benchmark,getcpu_5_2500,13435289,VMCALL,0,0,-1
L2,Perf,syscall_benchmark,getcpu_5_2500,13454148,VMCALL,0,0,-1
L2,Perf,syscall_benchmark,getcpu_5_2500,13713735,VMCALL,0,0,-1
L2,Perf,syscall_benchmark,getcpu_5_2500,13207295,VMCALL,0,0,-1
L2,Perf,syscall_benchmark,getcpu_5_2500,19508930,VMCALL,0,0,-1
L2,Perf,syscall_benchmark,getcpu_5_2500,13221913,VMCALL,0,0,-1
L2,Perf,syscall_benchmark,getcpu_5_2500,13644359,VMCALL,0,0,-1
L2,Perf,syscall_benchmark,getcpu_5_2500,13433975,VMCALL,0,0,-1
L2,Perf,syscall_benchmark,getcpu_5_2500,14048322,VMCALL,0,0,-1
L2,Perf,syscall_benchmark,getcpu_5_2500,13748778,VMCALL,0,0,-1
L2,Perf,syscall_benchmark,getcpu_5_2500,13355414,VMCALL,0,0,-1
L2,Perf,syscall_benchmark,getcpu_5_2500,13157999,VMCALL,0,0,-1
L2,Perf,syscall_benchmark,getcpu_5_2500,13186469,VMCALL,0,0,-1
L2,Perf,syscall_benchmark,getcpu_5_2500,13437592,VMCALL,0,0,-1
L2,Perf,syscall_benchmark,getcpu_5_2500,14126343,VMCALL,0,0,-1
L2,Perf,syscall_benchmark,getcpu_5_2500,13334578,VMCALL,0,0,-1
L2,Perf,syscall_benchmark,getcpu_5_2500,13650490,VMCALL,0,0,-1
L2,Perf,syscall_benchmark,getcpu_5_2500,13301649,VMCALL,0,0,-1
L2,Perf,syscall_benchmark,getcpu_5_2500,13294893,VMCALL,0,0,-1
L2,Perf,syscall_benchmark,getcpu_5_2500,13184533,VMCALL,0,0,-1
L2,Perf,syscall_benchmark,getcpu_5_2500,13674616,VMCALL,0,0,-1
L2,Perf,syscall_benchmark,getcpu_5_2500,13551754,VMCALL,0,0,-1
L2,Perf,syscall_benchmark,getcpu_5_2500,30295222,VMCALL,0,0,-1
