layer,tracer,workload,event,freq,total_event_cost,cost_per_event
L1,Lttng,1_10000,HLT,282,219524792,778456.71
L1,Lttng,1_10000,MSR_WRITE,2395,950597,396.91
L1,Lttng,1_10000,PREEMPTION_TIMER,1763,897330,508.98
L1,Lttng,1_10000,EXTERNAL_INTERRUPT,1979,791758,400.08
L1,Lttng,1_10000,IO_INSTRUCTION,150,727622,4850.81
L1,Lttng,1_10000,EPT_MISCONFIG,38,66259,1743.66
L1,Lttng,1_10000,CPUID,35,11591,331.17
L1,Lttng,1_10000,PAUSE_INSTRUCTION,25,7061,282.44
L1,Lttng,1_10000,PENDING_INTERRUPT,13,4216,324.31
L1,Lttng,1_10000,MSR_READ,1,486,486.0
L1,Lttng,1_10000,VMCALL,1,0,0.0
L1,Lttng,1_10000,HLT,282,220064306,780369.88
L1,Lttng,1_10000,MSR_WRITE,2427,1083884,446.59
L1,Lttng,1_10000,PREEMPTION_TIMER,1786,881579,493.61
L1,Lttng,1_10000,EXTERNAL_INTERRUPT,2000,719678,359.84
L1,Lttng,1_10000,IO_INSTRUCTION,150,641345,4275.63
L1,Lttng,1_10000,EPT_MISCONFIG,45,74833,1662.96
L1,Lttng,1_10000,PAUSE_INSTRUCTION,30,20558,685.27
L1,Lttng,1_10000,CPUID,35,11284,322.4
L1,Lttng,1_10000,PENDING_INTERRUPT,22,6703,304.68
L1,Lttng,1_10000,MSR_READ,1,484,484.0
L1,Lttng,1_10000,EXCEPTION_NMI,1,185,185.0
L1,Lttng,1_10000,VMCALL,1,0,0.0
L1,Lttng,1_10000,HLT,246,21350683,86791.39
L1,Lttng,1_10000,MSR_WRITE,2275,992588,436.3
L1,Lttng,1_10000,PREEMPTION_TIMER,1784,934053,523.57
L1,Lttng,1_10000,IO_INSTRUCTION,152,563791,3709.15
L1,Lttng,1_10000,EXTERNAL_INTERRUPT,1796,533034,296.79
L1,Lttng,1_10000,EPT_MISCONFIG,39,54725,1403.21
L1,Lttng,1_10000,CPUID,35,11853,338.66
L1,Lttng,1_10000,PENDING_INTERRUPT,21,7143,340.14
L1,Lttng,1_10000,PAUSE_INSTRUCTION,15,4085,272.33
L1,Lttng,1_10000,MSR_READ,2,1120,560.0
L1,Lttng,1_10000,VMCALL,1,0,0.0
L1,Lttng,1_10000,HLT,249,215224489,864355.38
L1,Lttng,1_10000,MSR_WRITE,2291,913816,398.87
L1,Lttng,1_10000,PREEMPTION_TIMER,1791,907533,506.72
L1,Lttng,1_10000,EXTERNAL_INTERRUPT,1859,632568,340.27
L1,Lttng,1_10000,IO_INSTRUCTION,150,628137,4187.58
L1,Lttng,1_10000,EPT_MISCONFIG,39,60671,1555.67
L1,Lttng,1_10000,CPUID,35,12780,365.14
L1,Lttng,1_10000,PAUSE_INSTRUCTION,23,6154,267.57
L1,Lttng,1_10000,PENDING_INTERRUPT,15,4768,317.87
L1,Lttng,1_10000,MSR_READ,1,480,480.0
L1,Lttng,1_10000,VMCALL,1,0,0.0
L1,Lttng,1_10000,HLT,320,225514205,704731.89
L1,Lttng,1_10000,MSR_WRITE,2533,1139934,450.03
L1,Lttng,1_10000,PREEMPTION_TIMER,1762,927061,526.14
L1,Lttng,1_10000,IO_INSTRUCTION,150,675173,4501.15
L1,Lttng,1_10000,EXTERNAL_INTERRUPT,1803,428514,237.67
L1,Lttng,1_10000,EPT_MISCONFIG,42,85554,2037.0
L1,Lttng,1_10000,CPUID,35,11652,332.91
L1,Lttng,1_10000,PENDING_INTERRUPT,30,10717,357.23
L1,Lttng,1_10000,PAUSE_INSTRUCTION,22,5483,249.23
L1,Lttng,1_10000,MSR_READ,1,522,522.0
L1,Lttng,1_10000,VMCALL,1,0,0.0
L1,Lttng,1_10000,HLT,313,220311629,703871.02
L1,Lttng,1_10000,MSR_WRITE,2533,1063478,419.85
L1,Lttng,1_10000,PREEMPTION_TIMER,1758,826177,469.95
L1,Lttng,1_10000,IO_INSTRUCTION,150,626273,4175.15
L1,Lttng,1_10000,EXTERNAL_INTERRUPT,1793,411750,229.64
L1,Lttng,1_10000,EPT_MISCONFIG,35,60102,1717.2
L1,Lttng,1_10000,PENDING_INTERRUPT,27,20900,774.07
L1,Lttng,1_10000,CPUID,35,11673,333.51
L1,Lttng,1_10000,PAUSE_INSTRUCTION,27,7090,262.59
L1,Lttng,1_10000,MSR_READ,1,577,577.0
L1,Lttng,1_10000,VMCALL,1,0,0.0
L1,Lttng,1_10000,HLT,288,211580541,734654.66
L1,Lttng,1_10000,EXTERNAL_INTERRUPT,1816,1901869,1047.28
L1,Lttng,1_10000,MSR_WRITE,2445,1027139,420.1
L1,Lttng,1_10000,PREEMPTION_TIMER,1813,808698,446.06
L1,Lttng,1_10000,IO_INSTRUCTION,150,479217,3194.78
L1,Lttng,1_10000,EPT_MISCONFIG,42,75976,1808.95
L1,Lttng,1_10000,CPUID,37,12841,347.05
L1,Lttng,1_10000,PAUSE_INSTRUCTION,26,6174,237.46
L1,Lttng,1_10000,MSR_READ,25,5300,212.0
L1,Lttng,1_10000,PENDING_INTERRUPT,10,4149,414.9
L1,Lttng,1_10000,EXCEPTION_NMI,1,238,238.0
L1,Lttng,1_10000,VMCALL,1,0,0.0
L1,Lttng,1_10000,HLT,258,221995941,860449.38
L1,Lttng,1_10000,MSR_WRITE,2378,880787,370.39
L1,Lttng,1_10000,PREEMPTION_TIMER,1786,835269,467.68
L1,Lttng,1_10000,IO_INSTRUCTION,149,595501,3996.65
L1,Lttng,1_10000,EXTERNAL_INTERRUPT,1791,357822,199.79
L1,Lttng,1_10000,EPT_MISCONFIG,33,84666,2565.64
L1,Lttng,1_10000,CPUID,35,11609,331.69
L1,Lttng,1_10000,PAUSE_INSTRUCTION,28,8318,297.07
L1,Lttng,1_10000,PENDING_INTERRUPT,11,3695,335.91
L1,Lttng,1_10000,MSR_READ,1,528,528.0
L1,Lttng,1_10000,EXCEPTION_NMI,1,258,258.0
L1,Lttng,1_10000,VMCALL,1,0,0.0
L1,Lttng,1_10000,HLT,283,221470433,782581.04
L1,Lttng,1_10000,EXTERNAL_INTERRUPT,1833,6676240,3642.25
L1,Lttng,1_10000,MSR_WRITE,2361,1026866,434.93
L1,Lttng,1_10000,PREEMPTION_TIMER,1790,925204,516.87
L1,Lttng,1_10000,IO_INSTRUCTION,149,586951,3939.27
L1,Lttng,1_10000,EPT_MISCONFIG,39,74970,1922.31
L1,Lttng,1_10000,CPUID,35,12767,364.77
L1,Lttng,1_10000,PENDING_INTERRUPT,21,6888,328.0
L1,Lttng,1_10000,PAUSE_INSTRUCTION,22,6541,297.32
L1,Lttng,1_10000,MSR_READ,1,544,544.0
L1,Lttng,1_10000,VMCALL,1,0,0.0
L1,Lttng,1_10000,HLT,259,221717725,856052.99
L1,Lttng,1_10000,MSR_WRITE,2355,967551,410.85
L1,Lttng,1_10000,PREEMPTION_TIMER,1783,908981,509.8
L1,Lttng,1_10000,IO_INSTRUCTION,149,646181,4336.79
L1,Lttng,1_10000,EXTERNAL_INTERRUPT,1796,421080,234.45
L1,Lttng,1_10000,EPT_MISCONFIG,34,55323,1627.15
L1,Lttng,1_10000,CPUID,35,13299,379.97
L1,Lttng,1_10000,PAUSE_INSTRUCTION,29,7843,270.45
L1,Lttng,1_10000,PENDING_INTERRUPT,21,7519,358.05
L1,Lttng,1_10000,EXCEPTION_NMI,1,777,777.0
L1,Lttng,1_10000,MSR_READ,1,537,537.0
L1,Lttng,1_10000,VMCALL,1,0,0.0
L1,Lttng,2_10000,HLT,105,213944853,2037570.03
L1,Lttng,2_10000,MSR_WRITE,2037,719832,353.38
L1,Lttng,2_10000,EXTERNAL_INTERRUPT,1940,376333,193.99
L1,Lttng,2_10000,IO_INSTRUCTION,96,337495,3515.57
L1,Lttng,2_10000,PREEMPTION_TIMER,1828,218077,119.3
L1,Lttng,2_10000,EPT_MISCONFIG,26,46818,1800.69
L1,Lttng,2_10000,CPUID,35,11454,327.26
L1,Lttng,2_10000,PENDING_INTERRUPT,20,6690,334.5
L1,Lttng,2_10000,PAUSE_INSTRUCTION,23,5880,255.65
L1,Lttng,2_10000,MSR_READ,1,569,569.0
L1,Lttng,2_10000,EXCEPTION_NMI,1,254,254.0
L1,Lttng,2_10000,VMCALL,1,0,0.0
L1,Lttng,2_10000,HLT,89,213289690,2396513.37
L1,Lttng,2_10000,MSR_WRITE,1965,665819,338.84
L1,Lttng,2_10000,EXTERNAL_INTERRUPT,1933,542952,280.89
L1,Lttng,2_10000,IO_INSTRUCTION,96,371945,3874.43
L1,Lttng,2_10000,PREEMPTION_TIMER,1830,234915,128.37
L1,Lttng,2_10000,EPT_MISCONFIG,27,50546,1872.07
L1,Lttng,2_10000,CPUID,35,11563,330.37
L1,Lttng,2_10000,PAUSE_INSTRUCTION,26,6980,268.46
L1,Lttng,2_10000,PENDING_INTERRUPT,10,3616,361.6
L1,Lttng,2_10000,MSR_READ,1,552,552.0
L1,Lttng,2_10000,EXCEPTION_NMI,2,544,272.0
L1,Lttng,2_10000,VMCALL,1,0,0.0
L1,Lttng,2_10000,HLT,90,213192254,2368802.82
L1,Lttng,2_10000,MSR_WRITE,1946,432763,222.39
L1,Lttng,2_10000,IO_INSTRUCTION,96,354222,3689.81
L1,Lttng,2_10000,PREEMPTION_TIMER,1829,342184,187.09
L1,Lttng,2_10000,EXTERNAL_INTERRUPT,1857,338338,182.2
L1,Lttng,2_10000,EPT_MISCONFIG,29,57246,1974.0
L1,Lttng,2_10000,CPUID,35,12447,355.63
L1,Lttng,2_10000,PAUSE_INSTRUCTION,20,6251,312.55
L1,Lttng,2_10000,PENDING_INTERRUPT,8,3054,381.75
L1,Lttng,2_10000,MSR_READ,1,650,650.0
L1,Lttng,2_10000,VMCALL,1,0,0.0
L1,Lttng,2_10000,HLT,109,213222614,1956170.77
L1,Lttng,2_10000,EXTERNAL_INTERRUPT,1872,582844,311.35
L1,Lttng,2_10000,MSR_WRITE,2025,465897,230.07
L1,Lttng,2_10000,PREEMPTION_TIMER,1827,378297,207.06
L1,Lttng,2_10000,IO_INSTRUCTION,96,350036,3646.21
L1,Lttng,2_10000,EPT_MISCONFIG,28,62104,2218.0
L1,Lttng,2_10000,CPUID,35,13009,371.69
L1,Lttng,2_10000,PAUSE_INSTRUCTION,19,7194,378.63
L1,Lttng,2_10000,PENDING_INTERRUPT,12,4496,374.67
L1,Lttng,2_10000,MSR_READ,1,633,633.0
L1,Lttng,2_10000,EXCEPTION_NMI,2,586,293.0
L1,Lttng,2_10000,VMCALL,1,0,0.0
L1,Lttng,2_10000,HLT,108,218776772,2025710.85
L1,Lttng,2_10000,EXTERNAL_INTERRUPT,1875,788400,420.48
L1,Lttng,2_10000,MSR_WRITE,2029,648360,319.55
L1,Lttng,2_10000,IO_INSTRUCTION,96,383429,3994.05
L1,Lttng,2_10000,PREEMPTION_TIMER,1826,377837,206.92
L1,Lttng,2_10000,EPT_MISCONFIG,23,62924,2735.83
L1,Lttng,2_10000,CPUID,35,12772,364.91
L1,Lttng,2_10000,PAUSE_INSTRUCTION,24,6171,257.12
L1,Lttng,2_10000,PENDING_INTERRUPT,16,4975,310.94
L1,Lttng,2_10000,MSR_READ,1,666,666.0
L1,Lttng,2_10000,VMCALL,1,0,0.0
L1,Lttng,2_10000,HLT,106,216343685,2040978.16
L1,Lttng,2_10000,MSR_WRITE,2006,566333,282.32
L1,Lttng,2_10000,EXTERNAL_INTERRUPT,1856,534703,288.09
L1,Lttng,2_10000,IO_INSTRUCTION,96,355924,3707.54
L1,Lttng,2_10000,PREEMPTION_TIMER,1825,355455,194.77
L1,Lttng,2_10000,EPT_MISCONFIG,28,49495,1767.68
L1,Lttng,2_10000,CPUID,35,11912,340.34
L1,Lttng,2_10000,PAUSE_INSTRUCTION,22,5935,269.77
L1,Lttng,2_10000,PENDING_INTERRUPT,14,5123,365.93
L1,Lttng,2_10000,MSR_READ,1,1607,1607.0
L1,Lttng,2_10000,VMCALL,1,0,0.0
L1,Lttng,2_10000,HLT,97,213588637,2201944.71
L1,Lttng,2_10000,MSR_WRITE,2040,677802,332.26
L1,Lttng,2_10000,EXTERNAL_INTERRUPT,1875,653427,348.49
L1,Lttng,2_10000,IO_INSTRUCTION,96,352535,3672.24
L1,Lttng,2_10000,PREEMPTION_TIMER,1825,318608,174.58
L1,Lttng,2_10000,EPT_MISCONFIG,29,60733,2094.24
L1,Lttng,2_10000,CPUID,35,12106,345.89
L1,Lttng,2_10000,PAUSE_INSTRUCTION,26,6417,246.81
L1,Lttng,2_10000,PENDING_INTERRUPT,11,3925,356.82
L1,Lttng,2_10000,MSR_READ,1,688,688.0
L1,Lttng,2_10000,EXCEPTION_NMI,2,537,268.5
L1,Lttng,2_10000,VMCALL,1,0,0.0
L1,Lttng,2_10000,HLT,104,219507756,2110651.5
L1,Lttng,2_10000,MSR_WRITE,2054,712904,347.08
L1,Lttng,2_10000,EXTERNAL_INTERRUPT,1974,544036,275.6
L1,Lttng,2_10000,IO_INSTRUCTION,96,379513,3953.26
L1,Lttng,2_10000,PREEMPTION_TIMER,1849,261109,141.22
L1,Lttng,2_10000,EPT_MISCONFIG,29,68708,2369.24
L1,Lttng,2_10000,CPUID,35,12787,365.34
L1,Lttng,2_10000,PAUSE_INSTRUCTION,25,6110,244.4
L1,Lttng,2_10000,PENDING_INTERRUPT,7,2681,383.0
L1,Lttng,2_10000,MSR_READ,1,494,494.0
L1,Lttng,2_10000,EXCEPTION_NMI,1,396,396.0
L1,Lttng,2_10000,VMCALL,1,0,0.0
L1,Lttng,2_10000,HLT,100,218083363,2180833.63
L1,Lttng,2_10000,MSR_WRITE,2030,570988,281.27
L1,Lttng,2_10000,EXTERNAL_INTERRUPT,1918,404963,211.14
L1,Lttng,2_10000,IO_INSTRUCTION,96,357852,3727.62
L1,Lttng,2_10000,PREEMPTION_TIMER,1825,324115,177.6
L1,Lttng,2_10000,EPT_MISCONFIG,26,44974,1729.77
L1,Lttng,2_10000,CPUID,35,11374,324.97
L1,Lttng,2_10000,PAUSE_INSTRUCTION,22,8660,393.64
L1,Lttng,2_10000,PENDING_INTERRUPT,15,5865,391.0
L1,Lttng,2_10000,MSR_READ,1,510,510.0
L1,Lttng,2_10000,EXCEPTION_NMI,1,316,316.0
L1,Lttng,2_10000,VMCALL,1,0,0.0
L1,Lttng,2_10000,HLT,96,218254159,2273480.82
L1,Lttng,2_10000,EXTERNAL_INTERRUPT,1855,669647,361.0
L1,Lttng,2_10000,MSR_WRITE,1988,421629,212.09
L1,Lttng,2_10000,PREEMPTION_TIMER,1827,370525,202.81
L1,Lttng,2_10000,IO_INSTRUCTION,95,337431,3551.91
L1,Lttng,2_10000,EPT_MISCONFIG,27,43517,1611.74
L1,Lttng,2_10000,CPUID,35,24831,709.46
L1,Lttng,2_10000,PENDING_INTERRUPT,18,6968,387.11
L1,Lttng,2_10000,PAUSE_INSTRUCTION,22,6721,305.5
L1,Lttng,2_10000,MSR_READ,1,717,717.0
L1,Lttng,2_10000,VMCALL,1,0,0.0
L1,Lttng,4_10000,HLT,92,223002820,2423943.7
L1,Lttng,4_10000,EXTERNAL_INTERRUPT,1880,677397,360.32
L1,Lttng,4_10000,MSR_WRITE,1996,558693,279.91
L1,Lttng,4_10000,IO_INSTRUCTION,96,349559,3641.24
L1,Lttng,4_10000,PREEMPTION_TIMER,1824,290854,159.46
L1,Lttng,4_10000,EPT_MISCONFIG,24,44438,1851.58
L1,Lttng,4_10000,CPUID,35,11498,328.51
L1,Lttng,4_10000,PAUSE_INSTRUCTION,25,7668,306.72
L1,Lttng,4_10000,PENDING_INTERRUPT,11,3715,337.73
L1,Lttng,4_10000,MSR_READ,1,514,514.0
L1,Lttng,4_10000,EXCEPTION_NMI,1,260,260.0
L1,Lttng,4_10000,VMCALL,1,0,0.0
L1,Lttng,4_10000,HLT,100,215230111,2152301.11
L1,Lttng,4_10000,EXTERNAL_INTERRUPT,1892,3564051,1883.75
L1,Lttng,4_10000,MSR_WRITE,1978,737386,372.79
L1,Lttng,4_10000,IO_INSTRUCTION,96,372006,3875.06
L1,Lttng,4_10000,PREEMPTION_TIMER,1831,254597,139.05
L1,Lttng,4_10000,EPT_MISCONFIG,24,46110,1921.25
L1,Lttng,4_10000,CPUID,35,12106,345.89
L1,Lttng,4_10000,PAUSE_INSTRUCTION,19,5860,308.42
L1,Lttng,4_10000,PENDING_INTERRUPT,10,3899,389.9
L1,Lttng,4_10000,MSR_READ,1,565,565.0
L1,Lttng,4_10000,EXCEPTION_NMI,1,298,298.0
L1,Lttng,4_10000,VMCALL,1,0,0.0
L1,Lttng,4_10000,HLT,81,215637313,2662189.05
L1,Lttng,4_10000,MSR_WRITE,1965,548090,278.93
L1,Lttng,4_10000,EXTERNAL_INTERRUPT,1851,518325,280.02
L1,Lttng,4_10000,IO_INSTRUCTION,96,359206,3741.73
L1,Lttng,4_10000,PREEMPTION_TIMER,1828,326982,178.87
L1,Lttng,4_10000,EPT_MISCONFIG,23,55844,2428.0
L1,Lttng,4_10000,CPUID,35,11626,332.17
L1,Lttng,4_10000,PAUSE_INSTRUCTION,26,6408,246.46
L1,Lttng,4_10000,PENDING_INTERRUPT,8,2731,341.38
L1,Lttng,4_10000,MSR_READ,1,984,984.0
L1,Lttng,4_10000,EXCEPTION_NMI,1,248,248.0
L1,Lttng,4_10000,VMCALL,1,0,0.0
L1,Lttng,4_10000,HLT,110,214892583,1953568.94
L1,Lttng,4_10000,EXTERNAL_INTERRUPT,1858,673571,362.52
L1,Lttng,4_10000,MSR_WRITE,1990,595490,299.24
L1,Lttng,4_10000,PREEMPTION_TIMER,1824,341446,187.2
L1,Lttng,4_10000,IO_INSTRUCTION,93,332232,3572.39
L1,Lttng,4_10000,EPT_MISCONFIG,25,58446,2337.84
L1,Lttng,4_10000,CPUID,35,12288,351.09
L1,Lttng,4_10000,PAUSE_INSTRUCTION,18,4517,250.94
L1,Lttng,4_10000,PENDING_INTERRUPT,11,3924,356.73
L1,Lttng,4_10000,EXCEPTION_NMI,1,326,326.0
L1,Lttng,4_10000,VMCALL,1,0,0.0
L1,Lttng,4_10000,HLT,105,219792095,2093258.05
L1,Lttng,4_10000,MSR_WRITE,2039,732790,359.39
L1,Lttng,4_10000,EXTERNAL_INTERRUPT,1928,551106,285.84
L1,Lttng,4_10000,IO_INSTRUCTION,93,336969,3623.32
L1,Lttng,4_10000,PREEMPTION_TIMER,1831,310049,169.33
L1,Lttng,4_10000,EPT_MISCONFIG,26,62974,2422.08
L1,Lttng,4_10000,CPUID,35,11819,337.69
L1,Lttng,4_10000,PAUSE_INSTRUCTION,17,4418,259.88
L1,Lttng,4_10000,PENDING_INTERRUPT,13,4242,326.31
L1,Lttng,4_10000,EXCEPTION_NMI,1,323,323.0
L1,Lttng,4_10000,VMCALL,1,0,0.0
L1,Lttng,4_10000,HLT,122,218123840,1787900.33
L1,Lttng,4_10000,EXTERNAL_INTERRUPT,1859,3474707,1869.13
L1,Lttng,4_10000,MSR_WRITE,2107,634644,301.21
L1,Lttng,4_10000,IO_INSTRUCTION,93,322367,3466.31
L1,Lttng,4_10000,PREEMPTION_TIMER,1860,311251,167.34
L1,Lttng,4_10000,EPT_MISCONFIG,29,46197,1593.0
L1,Lttng,4_10000,CPUID,35,12215,349.0
L1,Lttng,4_10000,PAUSE_INSTRUCTION,20,6065,303.25
L1,Lttng,4_10000,PENDING_INTERRUPT,15,4812,320.8
L1,Lttng,4_10000,VMCALL,1,0,0.0
L1,Lttng,4_10000,HLT,105,218070115,2076858.24
L1,Lttng,4_10000,EXTERNAL_INTERRUPT,1857,1361698,733.28
L1,Lttng,4_10000,MSR_WRITE,2027,481579,237.58
L1,Lttng,4_10000,IO_INSTRUCTION,93,325743,3502.61
L1,Lttng,4_10000,PREEMPTION_TIMER,1825,318985,174.79
L1,Lttng,4_10000,EPT_MISCONFIG,31,50568,1631.23
L1,Lttng,4_10000,CPUID,35,11136,318.17
L1,Lttng,4_10000,PAUSE_INSTRUCTION,19,4828,254.11
L1,Lttng,4_10000,PENDING_INTERRUPT,12,4077,339.75
L1,Lttng,4_10000,VMCALL,1,0,0.0
L1,Lttng,4_10000,HLT,110,215841220,1962192.91
L1,Lttng,4_10000,EXTERNAL_INTERRUPT,1886,746832,395.99
L1,Lttng,4_10000,MSR_WRITE,1978,667407,337.42
L1,Lttng,4_10000,IO_INSTRUCTION,93,340942,3666.04
L1,Lttng,4_10000,PREEMPTION_TIMER,1829,274763,150.23
L1,Lttng,4_10000,EPT_MISCONFIG,24,45024,1876.0
L1,Lttng,4_10000,CPUID,35,11659,333.11
L1,Lttng,4_10000,PAUSE_INSTRUCTION,17,5193,305.47
L1,Lttng,4_10000,PENDING_INTERRUPT,8,2752,344.0
L1,Lttng,4_10000,EXCEPTION_NMI,1,260,260.0
L1,Lttng,4_10000,VMCALL,1,0,0.0
L1,Lttng,4_10000,HLT,106,208403710,1966072.74
L1,Lttng,4_10000,MSR_WRITE,2026,546314,269.65
L1,Lttng,4_10000,EXTERNAL_INTERRUPT,1860,479564,257.83
L1,Lttng,4_10000,PREEMPTION_TIMER,1834,343117,187.09
L1,Lttng,4_10000,IO_INSTRUCTION,93,293129,3151.92
L1,Lttng,4_10000,EPT_MISCONFIG,29,48704,1679.45
L1,Lttng,4_10000,CPUID,35,26894,768.4
L1,Lttng,4_10000,PAUSE_INSTRUCTION,23,7809,339.52
L1,Lttng,4_10000,PENDING_INTERRUPT,11,3640,330.91
L1,Lttng,4_10000,EXCEPTION_NMI,2,547,273.5
L1,Lttng,4_10000,VMCALL,1,0,0.0
L1,Lttng,4_10000,HLT,105,218935333,2085098.41
L1,Lttng,4_10000,MSR_WRITE,1994,737818,370.02
L1,Lttng,4_10000,EXTERNAL_INTERRUPT,1904,449550,236.11
L1,Lttng,4_10000,IO_INSTRUCTION,93,319155,3431.77
L1,Lttng,4_10000,PREEMPTION_TIMER,1827,222577,121.83
L1,Lttng,4_10000,EPT_MISCONFIG,31,60932,1965.55
L1,Lttng,4_10000,CPUID,35,11633,332.37
L1,Lttng,4_10000,PAUSE_INSTRUCTION,19,4597,241.95
L1,Lttng,4_10000,PENDING_INTERRUPT,7,2215,316.43
L1,Lttng,4_10000,VMCALL,1,0,0.0
L1,None,1_10000,HLT,163,6772091,41546.57
L1,None,1_10000,PREEMPTION_TIMER,1786,861103,482.14
L1,None,1_10000,MSR_WRITE,2220,832558,375.03
L1,None,1_10000,IO_INSTRUCTION,185,687011,3713.57
L1,None,1_10000,EXTERNAL_INTERRUPT,1779,599365,336.91
L1,None,1_10000,EPT_MISCONFIG,29,55808,1924.41
L1,None,1_10000,CPUID,21,19661,936.24
L1,None,1_10000,PENDING_INTERRUPT,18,6331,351.72
L1,None,1_10000,PAUSE_INSTRUCTION,21,5219,248.52
L1,None,1_10000,MSR_READ,1,519,519.0
L1,None,1_10000,VMCALL,1,0,0.0
L1,None,1_10000,HLT,157,3062816,19508.38
L1,None,1_10000,PREEMPTION_TIMER,1782,923366,518.16
L1,None,1_10000,MSR_WRITE,2187,909917,416.06
L1,None,1_10000,EXTERNAL_INTERRUPT,1785,663971,371.97
L1,None,1_10000,IO_INSTRUCTION,148,649436,4388.08
L1,None,1_10000,EPT_MISCONFIG,33,50692,1536.12
L1,None,1_10000,CPUID,21,7760,369.52
L1,None,1_10000,PAUSE_INSTRUCTION,17,6478,381.06
L1,None,1_10000,PENDING_INTERRUPT,14,5490,392.14
L1,None,1_10000,MSR_READ,1,499,499.0
L1,None,1_10000,EXCEPTION_NMI,1,419,419.0
L1,None,1_10000,VMCALL,1,0,0.0
L1,None,1_10000,HLT,158,2498872,15815.65
L1,None,1_10000,EXTERNAL_INTERRUPT,1796,1115103,620.88
L1,None,1_10000,MSR_WRITE,2208,861371,390.11
L1,None,1_10000,PREEMPTION_TIMER,1781,855917,480.58
L1,None,1_10000,IO_INSTRUCTION,148,588571,3976.83
L1,None,1_10000,EPT_MISCONFIG,26,45257,1740.65
L1,None,1_10000,CPUID,21,7853,373.95
L1,None,1_10000,PENDING_INTERRUPT,18,7106,394.78
L1,None,1_10000,PAUSE_INSTRUCTION,14,3129,223.5
L1,None,1_10000,MSR_READ,1,498,498.0
L1,None,1_10000,EXCEPTION_NMI,1,272,272.0
L1,None,1_10000,VMCALL,1,0,0.0
L1,None,1_10000,HLT,177,6946810,39247.51
L1,None,1_10000,PREEMPTION_TIMER,1786,884207,495.08
L1,None,1_10000,MSR_WRITE,2224,833063,374.58
L1,None,1_10000,IO_INSTRUCTION,186,741006,3983.9
L1,None,1_10000,EXTERNAL_INTERRUPT,1775,600444,338.28
L1,None,1_10000,EPT_MISCONFIG,26,72179,2776.12
L1,None,1_10000,PAUSE_INSTRUCTION,19,19771,1040.58
L1,None,1_10000,CPUID,21,7598,361.81
L1,None,1_10000,PENDING_INTERRUPT,13,4914,378.0
L1,None,1_10000,MSR_READ,1,527,527.0
L1,None,1_10000,EXCEPTION_NMI,1,275,275.0
L1,None,1_10000,VMCALL,1,0,0.0
L1,None,1_10000,HLT,178,3635665,20425.08
L1,None,1_10000,PREEMPTION_TIMER,1771,874805,493.96
L1,None,1_10000,MSR_WRITE,2254,848439,376.41
L1,None,1_10000,IO_INSTRUCTION,151,602444,3989.7
L1,None,1_10000,EXTERNAL_INTERRUPT,1844,466820,253.16
L1,None,1_10000,EPT_MISCONFIG,39,52301,1341.05
L1,None,1_10000,CPUID,21,7781,370.52
L1,None,1_10000,PAUSE_INSTRUCTION,15,4641,309.4
L1,None,1_10000,PENDING_INTERRUPT,9,3423,380.33
L1,None,1_10000,MSR_READ,2,1122,561.0
L1,None,1_10000,EXCEPTION_NMI,1,348,348.0
L1,None,1_10000,VMCALL,1,0,0.0
L1,None,1_10000,HLT,94,2254943,23988.76
L1,None,1_10000,PREEMPTION_TIMER,1786,845222,473.25
L1,None,1_10000,MSR_WRITE,1968,707038,359.27
L1,None,1_10000,IO_INSTRUCTION,148,567979,3837.7
L1,None,1_10000,EXTERNAL_INTERRUPT,1792,383603,214.06
L1,None,1_10000,EPT_MISCONFIG,25,40246,1609.84
L1,None,1_10000,CPUID,21,7537,358.9
L1,None,1_10000,PENDING_INTERRUPT,12,6148,512.33
L1,None,1_10000,PAUSE_INSTRUCTION,11,2418,219.82
L1,None,1_10000,MSR_READ,1,822,822.0
L1,None,1_10000,EXCEPTION_NMI,1,273,273.0
L1,None,1_10000,VMCALL,1,0,0.0
L1,None,1_10000,HLT,81,2012016,24839.7
L1,None,1_10000,EXTERNAL_INTERRUPT,1789,1205325,673.74
L1,None,1_10000,PREEMPTION_TIMER,1789,944743,528.08
L1,None,1_10000,IO_INSTRUCTION,149,662359,4445.36
L1,None,1_10000,MSR_WRITE,1936,660544,341.19
L1,None,1_10000,EPT_MISCONFIG,27,45077,1669.52
L1,None,1_10000,CPUID,21,7414,353.05
L1,None,1_10000,PAUSE_INSTRUCTION,16,3812,238.25
L1,None,1_10000,PENDING_INTERRUPT,8,2470,308.75
L1,None,1_10000,MSR_READ,1,929,929.0
L1,None,1_10000,VMCALL,1,0,0.0
L1,None,1_10000,HLT,159,3001163,18875.24
L1,None,1_10000,PREEMPTION_TIMER,1785,910139,509.88
L1,None,1_10000,MSR_WRITE,2212,817621,369.63
L1,None,1_10000,IO_INSTRUCTION,185,707892,3826.44
L1,None,1_10000,EXTERNAL_INTERRUPT,1778,368712,207.37
L1,None,1_10000,EPT_MISCONFIG,26,40456,1556.0
L1,None,1_10000,CPUID,21,7216,343.62
L1,None,1_10000,PAUSE_INSTRUCTION,19,4928,259.37
L1,None,1_10000,PENDING_INTERRUPT,12,4030,335.83
L1,None,1_10000,MSR_READ,1,725,725.0
L1,None,1_10000,EXCEPTION_NMI,1,258,258.0
L1,None,1_10000,VMCALL,1,0,0.0
L1,None,1_10000,HLT,123,4274689,34753.57
L1,None,1_10000,PREEMPTION_TIMER,1782,876747,492.0
L1,None,1_10000,IO_INSTRUCTION,185,738988,3994.53
L1,None,1_10000,MSR_WRITE,2067,709485,343.24
L1,None,1_10000,EXTERNAL_INTERRUPT,1782,429923,241.26
L1,None,1_10000,EPT_MISCONFIG,34,66443,1954.21
L1,None,1_10000,PENDING_INTERRUPT,21,8297,395.1
L1,None,1_10000,CPUID,21,7968,379.43
L1,None,1_10000,PAUSE_INSTRUCTION,20,4715,235.75
L1,None,1_10000,MSR_READ,1,696,696.0
L1,None,1_10000,VMCALL,1,0,0.0
L1,None,1_10000,HLT,143,6975525,48779.9
L1,None,1_10000,PREEMPTION_TIMER,1784,912342,511.4
L1,None,1_10000,MSR_WRITE,2157,852340,395.15
L1,None,1_10000,IO_INSTRUCTION,149,692751,4649.34
L1,None,1_10000,EXTERNAL_INTERRUPT,1793,415888,231.95
L1,None,1_10000,EPT_MISCONFIG,28,54250,1937.5
L1,None,1_10000,CPUID,21,7160,340.95
L1,None,1_10000,PENDING_INTERRUPT,19,6586,346.63
L1,None,1_10000,PAUSE_INSTRUCTION,15,4040,269.33
L1,None,1_10000,MSR_READ,1,531,531.0
L1,None,1_10000,VMCALL,1,0,0.0
L1,None,2_10000,HLT,19,1325558,69766.21
L1,None,2_10000,EXTERNAL_INTERRUPT,1850,503631,272.23
L1,None,2_10000,MSR_WRITE,1862,399223,214.41
L1,None,2_10000,PREEMPTION_TIMER,1826,348295,190.74
L1,None,2_10000,IO_INSTRUCTION,54,225406,4174.19
L1,None,2_10000,EPT_MISCONFIG,21,29495,1404.52
L1,None,2_10000,CPUID,21,7366,350.76
L1,None,2_10000,PAUSE_INSTRUCTION,8,2313,289.12
L1,None,2_10000,PENDING_INTERRUPT,6,1984,330.67
L1,None,2_10000,VMCALL,1,0,0.0
L1,None,2_10000,EXTERNAL_INTERRUPT,3187,1997693,626.83
L1,None,2_10000,PREEMPTION_TIMER,1848,1648098,891.83
L1,None,2_10000,HLT,28,1372873,49031.18
L1,None,2_10000,MSR_WRITE,1891,823095,435.27
L1,None,2_10000,IO_INSTRUCTION,92,466593,5071.66
L1,None,2_10000,EPT_MISCONFIG,17,36521,2148.29
L1,None,2_10000,PAUSE_INSTRUCTION,15,10233,682.2
L1,None,2_10000,CPUID,21,8053,383.48
L1,None,2_10000,PENDING_INTERRUPT,7,2259,322.71
L1,None,2_10000,EXCEPTION_NMI,2,1459,729.5
L1,None,2_10000,VMCALL,1,0,0.0
L1,None,2_10000,HLT,21,1191683,56746.81
L1,None,2_10000,PREEMPTION_TIMER,1836,1034495,563.45
L1,None,2_10000,MSR_WRITE,1856,586070,315.77
L1,None,2_10000,EXTERNAL_INTERRUPT,1885,558933,296.52
L1,None,2_10000,IO_INSTRUCTION,92,352049,3826.62
L1,None,2_10000,EPT_MISCONFIG,17,27804,1635.53
L1,None,2_10000,CPUID,21,7546,359.33
L1,None,2_10000,PAUSE_INSTRUCTION,13,4797,369.0
L1,None,2_10000,PENDING_INTERRUPT,6,2098,349.67
L1,None,2_10000,EXCEPTION_NMI,1,908,908.0
L1,None,2_10000,VMCALL,1,0,0.0
L1,None,2_10000,HLT,22,1037689,47167.68
L1,None,2_10000,EXTERNAL_INTERRUPT,1859,739128,397.59
L1,None,2_10000,PREEMPTION_TIMER,1832,544744,297.35
L1,None,2_10000,MSR_WRITE,1852,454930,245.64
L1,None,2_10000,IO_INSTRUCTION,92,344191,3741.21
L1,None,2_10000,EPT_MISCONFIG,18,40917,2273.17
L1,None,2_10000,CPUID,21,7080,337.14
L1,None,2_10000,PAUSE_INSTRUCTION,14,4278,305.57
L1,None,2_10000,PENDING_INTERRUPT,5,2275,455.0
L1,None,2_10000,EXCEPTION_NMI,2,580,290.0
L1,None,2_10000,VMCALL,1,0,0.0
L1,None,2_10000,EXTERNAL_INTERRUPT,1828,3434330,1878.74
L1,None,2_10000,HLT,33,1060345,32131.67
L1,None,2_10000,MSR_WRITE,1857,468040,252.04
L1,None,2_10000,PREEMPTION_TIMER,1829,343540,187.83
L1,None,2_10000,IO_INSTRUCTION,92,334646,3637.46
L1,None,2_10000,EPT_MISCONFIG,22,46183,2099.23
L1,None,2_10000,CPUID,21,7358,350.38
L1,None,2_10000,PAUSE_INSTRUCTION,11,2983,271.18
L1,None,2_10000,PENDING_INTERRUPT,3,1039,346.33
L1,None,2_10000,VMCALL,1,0,0.0
L1,None,2_10000,EXTERNAL_INTERRUPT,1837,913325,497.18
L1,None,2_10000,HLT,18,906923,50384.61
L1,None,2_10000,MSR_WRITE,1850,525747,284.19
L1,None,2_10000,PREEMPTION_TIMER,1827,388874,212.85
L1,None,2_10000,IO_INSTRUCTION,95,371358,3909.03
L1,None,2_10000,EPT_MISCONFIG,19,44020,2316.84
L1,None,2_10000,CPUID,21,7755,369.29
L1,None,2_10000,PAUSE_INSTRUCTION,13,4068,312.92
L1,None,2_10000,PENDING_INTERRUPT,9,3294,366.0
L1,None,2_10000,MSR_READ,1,600,600.0
L1,None,2_10000,EXCEPTION_NMI,1,270,270.0
L1,None,2_10000,VMCALL,1,0,0.0
L1,None,2_10000,HLT,20,997404,49870.2
L1,None,2_10000,PREEMPTION_TIMER,1827,357878,195.88
L1,None,2_10000,IO_INSTRUCTION,95,345080,3632.42
L1,None,2_10000,EXTERNAL_INTERRUPT,1836,341650,186.08
L1,None,2_10000,MSR_WRITE,1851,309640,167.28
L1,None,2_10000,EPT_MISCONFIG,18,26329,1462.72
L1,None,2_10000,CPUID,21,7449,354.71
L1,None,2_10000,PAUSE_INSTRUCTION,16,4923,307.69
L1,None,2_10000,PENDING_INTERRUPT,11,3571,324.64
L1,None,2_10000,MSR_READ,1,571,571.0
L1,None,2_10000,VMCALL,1,0,0.0
L1,None,2_10000,HLT,19,1011467,53235.11
L1,None,2_10000,MSR_WRITE,1851,494853,267.34
L1,None,2_10000,PREEMPTION_TIMER,1823,371815,203.96
L1,None,2_10000,EXTERNAL_INTERRUPT,1841,353609,192.07
L1,None,2_10000,IO_INSTRUCTION,94,347530,3697.13
L1,None,2_10000,EPT_MISCONFIG,16,27844,1740.25
L1,None,2_10000,CPUID,21,7447,354.62
L1,None,2_10000,PENDING_INTERRUPT,13,4073,313.31
L1,None,2_10000,PAUSE_INSTRUCTION,13,4039,310.69
L1,None,2_10000,MSR_READ,1,722,722.0
L1,None,2_10000,VMCALL,1,0,0.0
L1,None,2_10000,EXTERNAL_INTERRUPT,1869,1882268,1007.1
L1,None,2_10000,HLT,32,925281,28915.03
L1,None,2_10000,MSR_WRITE,1858,461374,248.32
L1,None,2_10000,IO_INSTRUCTION,95,381684,4017.73
L1,None,2_10000,PREEMPTION_TIMER,1824,335298,183.83
L1,None,2_10000,EPT_MISCONFIG,20,30395,1519.75
L1,None,2_10000,CPUID,21,7182,342.0
L1,None,2_10000,PAUSE_INSTRUCTION,14,4586,327.57
L1,None,2_10000,PENDING_INTERRUPT,11,3493,317.55
L1,None,2_10000,MSR_READ,1,629,629.0
L1,None,2_10000,VMCALL,1,0,0.0
L1,None,2_10000,HLT,20,930963,46548.15
L1,None,2_10000,EXTERNAL_INTERRUPT,1876,571372,304.57
L1,None,2_10000,MSR_WRITE,1875,463329,247.11
L1,None,2_10000,IO_INSTRUCTION,95,350298,3687.35
L1,None,2_10000,PREEMPTION_TIMER,1832,345052,188.35
L1,None,2_10000,EPT_MISCONFIG,21,32394,1542.57
L1,None,2_10000,CPUID,21,10535,501.67
L1,None,2_10000,PENDING_INTERRUPT,13,4857,373.62
L1,None,2_10000,PAUSE_INSTRUCTION,12,3543,295.25
L1,None,2_10000,MSR_READ,1,548,548.0
L1,None,2_10000,EXCEPTION_NMI,1,185,185.0
L1,None,2_10000,VMCALL,1,0,0.0
L1,None,4_10000,HLT,22,964804,43854.73
L1,None,4_10000,MSR_WRITE,1863,482148,258.8
L1,None,4_10000,PREEMPTION_TIMER,1825,363760,199.32
L1,None,4_10000,EXTERNAL_INTERRUPT,1851,333835,180.35
L1,None,4_10000,IO_INSTRUCTION,91,300870,3306.26
L1,None,4_10000,EPT_MISCONFIG,17,24944,1467.29
L1,None,4_10000,CPUID,21,7610,362.38
L1,None,4_10000,PENDING_INTERRUPT,14,4355,311.07
L1,None,4_10000,PAUSE_INSTRUCTION,12,2988,249.0
L1,None,4_10000,EXCEPTION_NMI,2,527,263.5
L1,None,4_10000,VMCALL,1,0,0.0
L1,None,4_10000,HLT,32,1042510,32578.44
L1,None,4_10000,EXTERNAL_INTERRUPT,1855,907682,489.32
L1,None,4_10000,MSR_WRITE,1863,406343,218.11
L1,None,4_10000,PREEMPTION_TIMER,1826,339065,185.69
L1,None,4_10000,IO_INSTRUCTION,92,338625,3680.71
L1,None,4_10000,EPT_MISCONFIG,16,26341,1646.31
L1,None,4_10000,CPUID,21,7260,345.71
L1,None,4_10000,PENDING_INTERRUPT,8,2998,374.75
L1,None,4_10000,PAUSE_INSTRUCTION,10,2642,264.2
L1,None,4_10000,VMCALL,1,0,0.0
L1,None,4_10000,HLT,20,994894,49744.7
L1,None,4_10000,EXTERNAL_INTERRUPT,1850,743529,401.91
L1,None,4_10000,MSR_WRITE,1858,581069,312.74
L1,None,4_10000,PREEMPTION_TIMER,1837,265688,144.63
L1,None,4_10000,IO_INSTRUCTION,55,243340,4424.36
L1,None,4_10000,EPT_MISCONFIG,20,35715,1785.75
L1,None,4_10000,CPUID,21,7172,341.52
L1,None,4_10000,PAUSE_INSTRUCTION,10,2988,298.8
L1,None,4_10000,PENDING_INTERRUPT,5,2045,409.0
L1,None,4_10000,EXCEPTION_NMI,2,773,386.5
L1,None,4_10000,VMCALL,1,0,0.0
L1,None,4_10000,HLT,23,1258300,54708.7
L1,None,4_10000,MSR_WRITE,1846,444496,240.79
L1,None,4_10000,EXTERNAL_INTERRUPT,1829,416228,227.57
L1,None,4_10000,PREEMPTION_TIMER,1823,320928,176.04
L1,None,4_10000,IO_INSTRUCTION,54,258299,4783.31
L1,None,4_10000,EPT_MISCONFIG,18,39543,2196.83
L1,None,4_10000,CPUID,21,7486,356.48
L1,None,4_10000,PAUSE_INSTRUCTION,12,3246,270.5
L1,None,4_10000,PENDING_INTERRUPT,7,3011,430.14
L1,None,4_10000,VMCALL,1,0,0.0
L1,None,4_10000,HLT,24,1038762,43281.75
L1,None,4_10000,EXTERNAL_INTERRUPT,1839,641676,348.93
L1,None,4_10000,MSR_WRITE,1854,471635,254.39
L1,None,4_10000,IO_INSTRUCTION,92,340540,3701.52
L1,None,4_10000,PREEMPTION_TIMER,1829,306088,167.35
L1,None,4_10000,EPT_MISCONFIG,17,39483,2322.53
L1,None,4_10000,CPUID,21,7305,347.86
L1,None,4_10000,PAUSE_INSTRUCTION,16,5325,332.81
L1,None,4_10000,PENDING_INTERRUPT,11,4077,370.64
L1,None,4_10000,EXCEPTION_NMI,2,620,310.0
L1,None,4_10000,VMCALL,1,0,0.0
L1,None,4_10000,HLT,21,1103757,52559.86
L1,None,4_10000,PREEMPTION_TIMER,1827,459274,251.38
L1,None,4_10000,MSR_WRITE,1871,444943,237.81
L1,None,4_10000,IO_INSTRUCTION,92,377372,4101.87
L1,None,4_10000,EXTERNAL_INTERRUPT,1856,319462,172.12
L1,None,4_10000,EPT_MISCONFIG,23,33945,1475.87
L1,None,4_10000,CPUID,21,7789,370.9
L1,None,4_10000,PENDING_INTERRUPT,14,4824,344.57
L1,None,4_10000,PAUSE_INSTRUCTION,10,3668,366.8
L1,None,4_10000,VMCALL,1,0,0.0
L1,None,4_10000,HLT,23,970676,42203.3
L1,None,4_10000,EXTERNAL_INTERRUPT,1878,555568,295.83
L1,None,4_10000,MSR_WRITE,1871,529293,282.89
L1,None,4_10000,PREEMPTION_TIMER,1830,421587,230.38
L1,None,4_10000,IO_INSTRUCTION,92,345395,3754.29
L1,None,4_10000,EPT_MISCONFIG,18,26233,1457.39
L1,None,4_10000,CPUID,21,7508,357.52
L1,None,4_10000,PAUSE_INSTRUCTION,13,4415,339.62
L1,None,4_10000,PENDING_INTERRUPT,10,3336,333.6
L1,None,4_10000,EXCEPTION_NMI,1,259,259.0
L1,None,4_10000,VMCALL,1,0,0.0
L1,None,4_10000,HLT,19,885823,46622.26
L1,None,4_10000,EXTERNAL_INTERRUPT,1865,521555,279.65
L1,None,4_10000,MSR_WRITE,1855,391646,211.13
L1,None,4_10000,IO_INSTRUCTION,91,358183,3936.08
L1,None,4_10000,PREEMPTION_TIMER,1824,346027,189.71
L1,None,4_10000,EPT_MISCONFIG,20,31395,1569.75
L1,None,4_10000,CPUID,21,7476,356.0
L1,None,4_10000,PAUSE_INSTRUCTION,15,3970,264.67
L1,None,4_10000,PENDING_INTERRUPT,9,2991,332.33
L1,None,4_10000,EXCEPTION_NMI,1,269,269.0
L1,None,4_10000,VMCALL,1,0,0.0
L1,None,4_10000,HLT,22,878609,39936.77
L1,None,4_10000,MSR_WRITE,1861,423248,227.43
L1,None,4_10000,EXTERNAL_INTERRUPT,1854,322185,173.78
L1,None,4_10000,IO_INSTRUCTION,92,316335,3438.42
L1,None,4_10000,PREEMPTION_TIMER,1835,314142,171.19
L1,None,4_10000,EPT_MISCONFIG,17,29162,1715.41
L1,None,4_10000,CPUID,21,7478,356.1
L1,None,4_10000,PAUSE_INSTRUCTION,15,5637,375.8
L1,None,4_10000,PENDING_INTERRUPT,10,2811,281.1
L1,None,4_10000,VMCALL,1,0,0.0
L1,None,4_10000,HLT,22,1325885,60267.5
L1,None,4_10000,EXTERNAL_INTERRUPT,1937,576243,297.49
L1,None,4_10000,MSR_WRITE,1875,556100,296.59
L1,None,4_10000,IO_INSTRUCTION,95,333422,3509.71
L1,None,4_10000,PREEMPTION_TIMER,1825,261162,143.1
L1,None,4_10000,EPT_MISCONFIG,20,31975,1598.75
L1,None,4_10000,CPUID,21,7009,333.76
L1,None,4_10000,PENDING_INTERRUPT,11,3894,354.0
L1,None,4_10000,PAUSE_INSTRUCTION,11,2644,240.36
L1,None,4_10000,EXCEPTION_NMI,2,700,350.0
L1,None,4_10000,MSR_READ,1,622,622.0
L1,None,4_10000,VMCALL,1,0,0.0
L1,Perf,1_10000,HLT,2042,127272888,62327.57
L1,Perf,1_10000,EPT_MISCONFIG,1815,2119308,1167.66
L1,Perf,1_10000,MSR_WRITE,2456,1003148,408.45
L1,Perf,1_10000,EXTERNAL_INTERRUPT,1882,993479,527.88
L1,Perf,1_10000,PREEMPTION_TIMER,1822,839237,460.61
L1,Perf,1_10000,IO_INSTRUCTION,150,609434,4062.89
L1,Perf,1_10000,CPUID,67,27386,408.75
L1,Perf,1_10000,PENDING_INTERRUPT,29,9894,341.17
L1,Perf,1_10000,PAUSE_INSTRUCTION,35,8865,253.29
L1,Perf,1_10000,VMCALL,1,960,960.0
L1,Perf,1_10000,MSR_READ,1,463,463.0
L1,Perf,1_10000,EXCEPTION_NMI,1,326,326.0
L1,Perf,1_10000,HLT,3751,117900890,31431.86
L1,Perf,1_10000,EPT_MISCONFIG,1826,2070553,1133.93
L1,Perf,1_10000,MSR_WRITE,4165,1707145,409.88
L1,Perf,1_10000,PREEMPTION_TIMER,1800,844110,468.95
L1,Perf,1_10000,IO_INSTRUCTION,187,754233,4033.33
L1,Perf,1_10000,EXTERNAL_INTERRUPT,1901,417645,219.7
L1,Perf,1_10000,PENDING_INTERRUPT,74,42424,573.3
L1,Perf,1_10000,CPUID,67,28337,422.94
L1,Perf,1_10000,PAUSE_INSTRUCTION,41,9669,235.83
L1,Perf,1_10000,VMCALL,1,837,837.0
L1,Perf,1_10000,MSR_READ,1,730,730.0
L1,Perf,1_10000,EXCEPTION_NMI,1,310,310.0
L1,Perf,1_10000,HLT,3697,127800597,34568.73
L1,Perf,1_10000,EPT_MISCONFIG,1839,2230110,1212.68
L1,Perf,1_10000,MSR_WRITE,4048,1910946,472.07
L1,Perf,1_10000,PREEMPTION_TIMER,1806,925355,512.38
L1,Perf,1_10000,IO_INSTRUCTION,186,701873,3773.51
L1,Perf,1_10000,EXTERNAL_INTERRUPT,1918,514295,268.14
L1,Perf,1_10000,CPUID,67,41376,617.55
L1,Perf,1_10000,PENDING_INTERRUPT,89,28131,316.08
L1,Perf,1_10000,PAUSE_INSTRUCTION,47,12660,269.36
L1,Perf,1_10000,VMCALL,1,845,845.0
L1,Perf,1_10000,MSR_READ,1,534,534.0
L1,Perf,1_10000,EXCEPTION_NMI,1,288,288.0
L1,Perf,1_10000,HLT,3796,131010986,34512.9
L1,Perf,1_10000,EPT_MISCONFIG,1819,2260929,1242.95
L1,Perf,1_10000,MSR_WRITE,4285,1735662,405.06
L1,Perf,1_10000,PREEMPTION_TIMER,1810,819035,452.51
L1,Perf,1_10000,IO_INSTRUCTION,150,594479,3963.19
L1,Perf,1_10000,EXTERNAL_INTERRUPT,1893,578376,305.53
L1,Perf,1_10000,CPUID,67,27375,408.58
L1,Perf,1_10000,PENDING_INTERRUPT,65,23200,356.92
L1,Perf,1_10000,PAUSE_INSTRUCTION,45,11394,253.2
L1,Perf,1_10000,VMCALL,1,893,893.0
L1,Perf,1_10000,MSR_READ,1,520,520.0
L1,Perf,1_10000,HLT,3776,115338062,30545.04
L1,Perf,1_10000,EPT_MISCONFIG,1809,1967755,1087.76
L1,Perf,1_10000,MSR_WRITE,4242,1775468,418.55
L1,Perf,1_10000,PREEMPTION_TIMER,1796,969280,539.69
L1,Perf,1_10000,IO_INSTRUCTION,149,634640,4259.33
L1,Perf,1_10000,EXTERNAL_INTERRUPT,1886,449599,238.39
L1,Perf,1_10000,CPUID,63,25720,408.25
L1,Perf,1_10000,PENDING_INTERRUPT,75,19966,266.21
L1,Perf,1_10000,PAUSE_INSTRUCTION,41,10104,246.44
L1,Perf,1_10000,VMCALL,1,856,856.0
L1,Perf,1_10000,MSR_READ,1,558,558.0
L1,Perf,1_10000,EXCEPTION_NMI,1,266,266.0
L1,Perf,1_10000,HLT,2001,124797839,62367.74
L1,Perf,1_10000,EXTERNAL_INTERRUPT,1867,6741939,3611.11
L1,Perf,1_10000,EPT_MISCONFIG,1816,2294772,1263.64
L1,Perf,1_10000,MSR_WRITE,2379,970943,408.13
L1,Perf,1_10000,PREEMPTION_TIMER,1817,933344,513.67
L1,Perf,1_10000,IO_INSTRUCTION,187,691002,3695.2
L1,Perf,1_10000,CPUID,63,26046,413.43
L1,Perf,1_10000,PENDING_INTERRUPT,44,15484,351.91
L1,Perf,1_10000,PAUSE_INSTRUCTION,46,11507,250.15
L1,Perf,1_10000,VMCALL,1,962,962.0
L1,Perf,1_10000,MSR_READ,1,590,590.0
L1,Perf,1_10000,EXCEPTION_NMI,1,280,280.0
L1,Perf,1_10000,HLT,2031,118819642,58503.02
L1,Perf,1_10000,EPT_MISCONFIG,1833,2212038,1206.79
L1,Perf,1_10000,MSR_WRITE,2509,995865,396.92
L1,Perf,1_10000,PREEMPTION_TIMER,1818,887185,488.0
L1,Perf,1_10000,EXTERNAL_INTERRUPT,1972,714235,362.19
L1,Perf,1_10000,IO_INSTRUCTION,187,647797,3464.16
L1,Perf,1_10000,CPUID,63,24975,396.43
L1,Perf,1_10000,PAUSE_INSTRUCTION,46,12612,274.17
L1,Perf,1_10000,PENDING_INTERRUPT,31,11744,378.84
L1,Perf,1_10000,VMCALL,1,898,898.0
L1,Perf,1_10000,MSR_READ,1,610,610.0
L1,Perf,1_10000,EXCEPTION_NMI,1,238,238.0
L1,Perf,1_10000,HLT,2020,115082623,56971.6
L1,Perf,1_10000,EXTERNAL_INTERRUPT,1859,5122921,2755.74
L1,Perf,1_10000,EPT_MISCONFIG,1827,2093402,1145.81
L1,Perf,1_10000,MSR_WRITE,2494,1061081,425.45
L1,Perf,1_10000,PREEMPTION_TIMER,1817,887460,488.42
L1,Perf,1_10000,IO_INSTRUCTION,186,634805,3412.93
L1,Perf,1_10000,CPUID,67,25775,384.7
L1,Perf,1_10000,PAUSE_INSTRUCTION,40,24436,610.9
L1,Perf,1_10000,PENDING_INTERRUPT,26,9784,376.31
L1,Perf,1_10000,VMCALL,1,753,753.0
L1,Perf,1_10000,MSR_READ,1,513,513.0
L1,Perf,1_10000,EXCEPTION_NMI,1,260,260.0
L1,Perf,1_10000,HLT,2034,113702195,55900.78
L1,Perf,1_10000,EXTERNAL_INTERRUPT,1845,5140070,2785.95
L1,Perf,1_10000,EPT_MISCONFIG,1836,2229273,1214.2
L1,Perf,1_10000,MSR_WRITE,2433,996798,409.7
L1,Perf,1_10000,PREEMPTION_TIMER,1824,928914,509.27
L1,Perf,1_10000,IO_INSTRUCTION,150,555829,3705.53
L1,Perf,1_10000,CPUID,63,25604,406.41
L1,Perf,1_10000,PENDING_INTERRUPT,36,13081,363.36
L1,Perf,1_10000,PAUSE_INSTRUCTION,38,9756,256.74
L1,Perf,1_10000,VMCALL,1,998,998.0
L1,Perf,1_10000,MSR_READ,1,488,488.0
L1,Perf,1_10000,EXCEPTION_NMI,1,255,255.0
L1,Perf,1_10000,HLT,3683,122160352,33168.71
L1,Perf,1_10000,EPT_MISCONFIG,1817,2018885,1111.11
L1,Perf,1_10000,MSR_WRITE,3980,1738997,436.93
L1,Perf,1_10000,PREEMPTION_TIMER,1823,905759,496.85
L1,Perf,1_10000,IO_INSTRUCTION,150,614501,4096.67
L1,Perf,1_10000,EXTERNAL_INTERRUPT,1937,512057,264.36
L1,Perf,1_10000,CPUID,63,26017,412.97
L1,Perf,1_10000,PENDING_INTERRUPT,63,19115,303.41
L1,Perf,1_10000,PAUSE_INSTRUCTION,38,9300,244.74
L1,Perf,1_10000,VMCALL,1,915,915.0
L1,Perf,1_10000,MSR_READ,1,513,513.0
L1,Perf,2_10000,HLT,1905,120763495,63392.91
L1,Perf,2_10000,EPT_MISCONFIG,1820,2123380,1166.69
L1,Perf,2_10000,EXTERNAL_INTERRUPT,1964,1940329,987.95
L1,Perf,2_10000,MSR_WRITE,2135,738920,346.1
L1,Perf,2_10000,IO_INSTRUCTION,96,375594,3912.44
L1,Perf,2_10000,PREEMPTION_TIMER,1870,274743,146.92
L1,Perf,2_10000,CPUID,63,26073,413.86
L1,Perf,2_10000,PENDING_INTERRUPT,30,9875,329.17
L1,Perf,2_10000,PAUSE_INSTRUCTION,37,8876,239.89
L1,Perf,2_10000,VMCALL,1,862,862.0
L1,Perf,2_10000,MSR_READ,1,607,607.0
L1,Perf,2_10000,HLT,1904,123644020,64939.09
L1,Perf,2_10000,EPT_MISCONFIG,1813,2079987,1147.26
L1,Perf,2_10000,MSR_WRITE,2120,641320,302.51
L1,Perf,2_10000,IO_INSTRUCTION,96,358980,3739.38
L1,Perf,2_10000,EXTERNAL_INTERRUPT,1895,350460,184.94
L1,Perf,2_10000,PREEMPTION_TIMER,1857,348017,187.41
L1,Perf,2_10000,CPUID,63,25976,412.32
L1,Perf,2_10000,PAUSE_INSTRUCTION,34,10293,302.74
L1,Perf,2_10000,PENDING_INTERRUPT,16,5298,331.12
L1,Perf,2_10000,VMCALL,1,882,882.0
L1,Perf,2_10000,MSR_READ,1,489,489.0
L1,Perf,2_10000,EXCEPTION_NMI,2,451,225.5
L1,Perf,2_10000,HLT,3644,127325759,34941.21
L1,Perf,2_10000,EPT_MISCONFIG,1824,2017701,1106.2
L1,Perf,2_10000,MSR_WRITE,3916,1427038,364.41
L1,Perf,2_10000,EXTERNAL_INTERRUPT,1963,741887,377.94
L1,Perf,2_10000,PREEMPTION_TIMER,1855,376558,203.0
L1,Perf,2_10000,IO_INSTRUCTION,95,362630,3817.16
L1,Perf,2_10000,CPUID,67,26531,395.99
L1,Perf,2_10000,PENDING_INTERRUPT,68,21512,316.35
L1,Perf,2_10000,PAUSE_INSTRUCTION,29,9485,327.07
L1,Perf,2_10000,VMCALL,1,826,826.0
L1,Perf,2_10000,MSR_READ,1,605,605.0
L1,Perf,2_10000,EXCEPTION_NMI,1,266,266.0
L1,Perf,2_10000,HLT,3644,113915864,31261.21
L1,Perf,2_10000,EPT_MISCONFIG,1813,2018689,1113.45
L1,Perf,2_10000,MSR_WRITE,3890,1341860,344.95
L1,Perf,2_10000,IO_INSTRUCTION,96,402423,4191.91
L1,Perf,2_10000,PREEMPTION_TIMER,1859,368340,198.14
L1,Perf,2_10000,EXTERNAL_INTERRUPT,1939,326440,168.35
L1,Perf,2_10000,CPUID,63,26031,413.19
L1,Perf,2_10000,PENDING_INTERRUPT,55,15679,285.07
L1,Perf,2_10000,PAUSE_INSTRUCTION,37,9039,244.3
L1,Perf,2_10000,VMCALL,1,1073,1073.0
L1,Perf,2_10000,MSR_READ,1,506,506.0
L1,Perf,2_10000,HLT,3648,120392774,33002.41
L1,Perf,2_10000,EPT_MISCONFIG,1803,2030058,1125.93
L1,Perf,2_10000,MSR_WRITE,3943,1277136,323.9
L1,Perf,2_10000,PREEMPTION_TIMER,1859,372247,200.24
L1,Perf,2_10000,EXTERNAL_INTERRUPT,1974,329280,166.81
L1,Perf,2_10000,IO_INSTRUCTION,59,256877,4353.85
L1,Perf,2_10000,CPUID,67,26851,400.76
L1,Perf,2_10000,PENDING_INTERRUPT,75,22319,297.59
L1,Perf,2_10000,PAUSE_INSTRUCTION,37,8658,234.0
L1,Perf,2_10000,VMCALL,1,839,839.0
L1,Perf,2_10000,MSR_READ,1,568,568.0
L1,Perf,2_10000,EXCEPTION_NMI,1,403,403.0
L1,Perf,2_10000,HLT,3632,116970272,32205.47
L1,Perf,2_10000,EPT_MISCONFIG,1823,1938317,1063.26
L1,Perf,2_10000,MSR_WRITE,3923,1400304,356.95
L1,Perf,2_10000,PREEMPTION_TIMER,1860,378052,203.25
L1,Perf,2_10000,IO_INSTRUCTION,96,363923,3790.86
L1,Perf,2_10000,EXTERNAL_INTERRUPT,1968,350020,177.86
L1,Perf,2_10000,CPUID,63,40485,642.62
L1,Perf,2_10000,PENDING_INTERRUPT,86,26186,304.49
L1,Perf,2_10000,PAUSE_INSTRUCTION,33,8277,250.82
L1,Perf,2_10000,VMCALL,1,1005,1005.0
L1,Perf,2_10000,MSR_READ,1,511,511.0
L1,Perf,2_10000,HLT,1904,122623494,64403.1
L1,Perf,2_10000,EPT_MISCONFIG,1825,2122363,1162.94
L1,Perf,2_10000,EXTERNAL_INTERRUPT,2040,1513836,742.08
L1,Perf,2_10000,MSR_WRITE,2105,834687,396.53
L1,Perf,2_10000,IO_INSTRUCTION,96,353287,3680.07
L1,Perf,2_10000,PREEMPTION_TIMER,1866,295224,158.21
L1,Perf,2_10000,CPUID,67,27201,405.99
L1,Perf,2_10000,PENDING_INTERRUPT,32,11034,344.81
L1,Perf,2_10000,PAUSE_INSTRUCTION,34,9117,268.15
L1,Perf,2_10000,VMCALL,1,921,921.0
L1,Perf,2_10000,MSR_READ,1,517,517.0
L1,Perf,2_10000,EXCEPTION_NMI,1,259,259.0
L1,Perf,2_10000,HLT,3647,123778405,33939.79
L1,Perf,2_10000,EPT_MISCONFIG,1817,2169146,1193.81
L1,Perf,2_10000,MSR_WRITE,4061,1385118,341.08
L1,Perf,2_10000,EXTERNAL_INTERRUPT,1972,471811,239.26
L1,Perf,2_10000,IO_INSTRUCTION,96,393307,4096.95
L1,Perf,2_10000,PREEMPTION_TIMER,1860,358522,192.75
L1,Perf,2_10000,CPUID,67,27948,417.13
L1,Perf,2_10000,PENDING_INTERRUPT,66,24050,364.39
L1,Perf,2_10000,PAUSE_INSTRUCTION,36,9508,264.11
L1,Perf,2_10000,VMCALL,1,809,809.0
L1,Perf,2_10000,MSR_READ,1,588,588.0
L1,Perf,2_10000,HLT,3616,114739385,31731.02
L1,Perf,2_10000,EPT_MISCONFIG,1815,2266726,1248.88
L1,Perf,2_10000,MSR_WRITE,3822,1390010,363.69
L1,Perf,2_10000,IO_INSTRUCTION,96,375019,3906.45
L1,Perf,2_10000,EXTERNAL_INTERRUPT,1952,374151,191.68
L1,Perf,2_10000,PREEMPTION_TIMER,1861,360182,193.54
L1,Perf,2_10000,CPUID,63,27587,437.89
L1,Perf,2_10000,PENDING_INTERRUPT,61,21171,347.07
L1,Perf,2_10000,PAUSE_INSTRUCTION,33,9006,272.91
L1,Perf,2_10000,VMCALL,1,5422,5422.0
L1,Perf,2_10000,MSR_READ,1,546,546.0
L1,Perf,2_10000,EXCEPTION_NMI,1,264,264.0
L1,Perf,2_10000,HLT,3652,114658865,31396.18
L1,Perf,2_10000,EPT_MISCONFIG,1808,2038467,1127.47
L1,Perf,2_10000,MSR_WRITE,3913,1277872,326.57
L1,Perf,2_10000,IO_INSTRUCTION,96,399726,4163.81
L1,Perf,2_10000,PREEMPTION_TIMER,1857,348554,187.7
L1,Perf,2_10000,EXTERNAL_INTERRUPT,1957,287617,146.97
L1,Perf,2_10000,CPUID,67,27595,411.87
L1,Perf,2_10000,PAUSE_INSTRUCTION,44,24838,564.5
L1,Perf,2_10000,PENDING_INTERRUPT,67,20308,303.1
L1,Perf,2_10000,VMCALL,1,888,888.0
L1,Perf,2_10000,MSR_READ,1,586,586.0
L1,Perf,2_10000,EXCEPTION_NMI,1,248,248.0
L1,Perf,4_10000,HLT,3637,122789940,33761.33
L1,Perf,4_10000,EPT_MISCONFIG,1806,1921713,1064.07
L1,Perf,4_10000,MSR_WRITE,3913,1378207,352.21
L1,Perf,4_10000,IO_INSTRUCTION,93,355145,3818.76
L1,Perf,4_10000,PREEMPTION_TIMER,1858,343457,184.85
L1,Perf,4_10000,EXTERNAL_INTERRUPT,1962,319848,163.02
L1,Perf,4_10000,CPUID,67,26996,402.93
L1,Perf,4_10000,PENDING_INTERRUPT,81,23914,295.23
L1,Perf,4_10000,PAUSE_INSTRUCTION,31,7317,236.03
L1,Perf,4_10000,VMCALL,1,842,842.0
L1,Perf,4_10000,EXCEPTION_NMI,1,282,282.0
L1,Perf,4_10000,HLT,3633,116073325,31949.72
L1,Perf,4_10000,EPT_MISCONFIG,1822,1990318,1092.38
L1,Perf,4_10000,MSR_WRITE,3926,1471116,374.71
L1,Perf,4_10000,EXTERNAL_INTERRUPT,1980,508608,256.87
L1,Perf,4_10000,PREEMPTION_TIMER,1858,331939,178.65
L1,Perf,4_10000,IO_INSTRUCTION,93,326295,3508.55
L1,Perf,4_10000,CPUID,67,26720,398.81
L1,Perf,4_10000,PENDING_INTERRUPT,75,22400,298.67
L1,Perf,4_10000,PAUSE_INSTRUCTION,28,8415,300.54
L1,Perf,4_10000,VMCALL,1,867,867.0
L1,Perf,4_10000,HLT,1923,116567542,60617.55
L1,Perf,4_10000,EPT_MISCONFIG,1818,2082312,1145.39
L1,Perf,4_10000,MSR_WRITE,2133,667723,313.04
L1,Perf,4_10000,EXTERNAL_INTERRUPT,1898,481256,253.56
L1,Perf,4_10000,IO_INSTRUCTION,96,348547,3630.7
L1,Perf,4_10000,PREEMPTION_TIMER,1854,341840,184.38
L1,Perf,4_10000,CPUID,67,27627,412.34
L1,Perf,4_10000,PAUSE_INSTRUCTION,28,8100,289.29
L1,Perf,4_10000,PENDING_INTERRUPT,20,6717,335.85
L1,Perf,4_10000,VMCALL,1,1428,1428.0
L1,Perf,4_10000,MSR_READ,1,580,580.0
L1,Perf,4_10000,EXCEPTION_NMI,1,287,287.0
L1,Perf,4_10000,HLT,1903,140612013,73889.65
L1,Perf,4_10000,EPT_MISCONFIG,1826,2692216,1474.38
L1,Perf,4_10000,MSR_WRITE,2106,589560,279.94
L1,Perf,4_10000,PREEMPTION_TIMER,1871,362466,193.73
L1,Perf,4_10000,IO_INSTRUCTION,96,360822,3758.56
L1,Perf,4_10000,EXTERNAL_INTERRUPT,1917,324453,169.25
L1,Perf,4_10000,CPUID,67,28865,430.82
L1,Perf,4_10000,PENDING_INTERRUPT,26,10527,404.88
L1,Perf,4_10000,PAUSE_INSTRUCTION,40,9512,237.8
L1,Perf,4_10000,VMCALL,1,895,895.0
L1,Perf,4_10000,MSR_READ,1,539,539.0
L1,Perf,4_10000,EXCEPTION_NMI,1,280,280.0
L1,Perf,4_10000,HLT,3625,118272596,32626.92
L1,Perf,4_10000,EPT_MISCONFIG,1813,2008876,1108.04
L1,Perf,4_10000,MSR_WRITE,3839,1298991,338.37
L1,Perf,4_10000,IO_INSTRUCTION,96,372920,3884.58
L1,Perf,4_10000,EXTERNAL_INTERRUPT,1936,326003,168.39
L1,Perf,4_10000,PREEMPTION_TIMER,1861,319966,171.93
L1,Perf,4_10000,CPUID,63,26115,414.52
L1,Perf,4_10000,PENDING_INTERRUPT,66,17482,264.88
L1,Perf,4_10000,PAUSE_INSTRUCTION,38,10393,273.5
L1,Perf,4_10000,VMCALL,1,912,912.0
L1,Perf,4_10000,MSR_READ,1,547,547.0
L1,Perf,4_10000,EXCEPTION_NMI,1,289,289.0
L1,Perf,4_10000,HLT,3641,118028339,32416.46
L1,Perf,4_10000,EPT_MISCONFIG,1807,2096626,1160.28
L1,Perf,4_10000,MSR_WRITE,3915,1263186,322.65
L1,Perf,4_10000,EXTERNAL_INTERRUPT,1955,601646,307.75
L1,Perf,4_10000,PREEMPTION_TIMER,1863,399510,214.44
L1,Perf,4_10000,IO_INSTRUCTION,96,348169,3626.76
L1,Perf,4_10000,CPUID,63,26647,422.97
L1,Perf,4_10000,PENDING_INTERRUPT,72,21901,304.18
L1,Perf,4_10000,PAUSE_INSTRUCTION,36,10106,280.72
L1,Perf,4_10000,VMCALL,1,856,856.0
L1,Perf,4_10000,MSR_READ,1,504,504.0
L1,Perf,4_10000,HLT,1904,119921462,62983.96
L1,Perf,4_10000,EPT_MISCONFIG,1818,2163277,1189.92
L1,Perf,4_10000,MSR_WRITE,2184,707996,324.17
L1,Perf,4_10000,EXTERNAL_INTERRUPT,1951,489013,250.65
L1,Perf,4_10000,PREEMPTION_TIMER,1860,344678,185.31
L1,Perf,4_10000,IO_INSTRUCTION,58,228167,3933.91
L1,Perf,4_10000,CPUID,67,26848,400.72
L1,Perf,4_10000,PENDING_INTERRUPT,21,7863,374.43
L1,Perf,4_10000,PAUSE_INSTRUCTION,22,5922,269.18
L1,Perf,4_10000,VMCALL,1,851,851.0
L1,Perf,4_10000,MSR_READ,1,542,542.0
L1,Perf,4_10000,EXCEPTION_NMI,2,533,266.5
L1,Perf,4_10000,HLT,3623,120648464,33300.71
L1,Perf,4_10000,EPT_MISCONFIG,1806,1953027,1081.41
L1,Perf,4_10000,MSR_WRITE,3941,1402384,355.84
L1,Perf,4_10000,EXTERNAL_INTERRUPT,1964,410531,209.03
L1,Perf,4_10000,IO_INSTRUCTION,96,329885,3436.3
L1,Perf,4_10000,PREEMPTION_TIMER,1868,294884,157.86
L1,Perf,4_10000,CPUID,63,25384,402.92
L1,Perf,4_10000,PENDING_INTERRUPT,84,24689,293.92
L1,Perf,4_10000,PAUSE_INSTRUCTION,36,8740,242.78
L1,Perf,4_10000,VMCALL,1,1067,1067.0
L1,Perf,4_10000,MSR_READ,1,488,488.0
L1,Perf,4_10000,HLT,3655,124517836,34067.81
L1,Perf,4_10000,EPT_MISCONFIG,1863,2541715,1364.31
L1,Perf,4_10000,MSR_WRITE,3901,1778337,455.87
L1,Perf,4_10000,EXTERNAL_INTERRUPT,1956,645566,330.04
L1,Perf,4_10000,PREEMPTION_TIMER,1868,394049,210.95
L1,Perf,4_10000,IO_INSTRUCTION,96,341927,3561.74
L1,Perf,4_10000,CPUID,63,28809,457.29
L1,Perf,4_10000,PENDING_INTERRUPT,75,25269,336.92
L1,Perf,4_10000,PAUSE_INSTRUCTION,41,11881,289.78
L1,Perf,4_10000,VMCALL,1,1032,1032.0
L1,Perf,4_10000,EXCEPTION_NMI,2,557,278.5
L1,Perf,4_10000,MSR_READ,1,547,547.0
L1,Perf,4_10000,HLT,1880,117033327,62251.77
L1,Perf,4_10000,EPT_MISCONFIG,1822,2108209,1157.09
L1,Perf,4_10000,MSR_WRITE,2088,634431,303.85
L1,Perf,4_10000,IO_INSTRUCTION,96,345944,3603.58
L1,Perf,4_10000,PREEMPTION_TIMER,1865,338061,181.27
L1,Perf,4_10000,EXTERNAL_INTERRUPT,1906,332577,174.49
L1,Perf,4_10000,CPUID,67,26739,399.09
L1,Perf,4_10000,PAUSE_INSTRUCTION,42,10832,257.9
L1,Perf,4_10000,PENDING_INTERRUPT,25,8486,339.44
L1,Perf,4_10000,VMCALL,1,867,867.0
L1,Perf,4_10000,MSR_READ,1,489,489.0
